"date","month","year","precip_in","temp_F","temp_F_12mo","spi3","spi12"
1895-01-01,1,1895,4.03,33.5,NA,NA,NA
1895-02-01,2,1895,1.13,33.18,NA,NA,NA
1895-03-01,3,1895,0.34,42,NA,0.66,NA
1895-04-01,4,1895,0.1,50.13,NA,-1.17,NA
1895-05-01,5,1895,0.96,58.18,NA,-0.9,NA
1895-06-01,6,1895,0.39,64.76,NA,-0.36,NA
1895-07-01,7,1895,3.93,68.85,NA,0.79,NA
1895-08-01,8,1895,3.14,67.9,NA,0.35,NA
1895-09-01,9,1895,1.66,63.23,NA,0.27,NA
1895-10-01,10,1895,1.49,50.95,NA,-0.13,NA
1895-11-01,11,1895,3.08,39.04,NA,0.85,NA
1895-12-01,12,1895,0.81,32.14,50.32,0.64,0.6
1896-01-01,1,1896,0.5,36.95,50.61,0.2,-0.29
1896-02-01,2,1896,0.28,36.31,50.87,-1.46,-0.48
1896-03-01,3,1896,0.74,44.01,51.04,-1.57,-0.36
1896-04-01,4,1896,0.38,48.51,50.9,-1.34,-0.29
1896-05-01,5,1896,0.02,58.46,50.93,-1.2,-0.5
1896-06-01,6,1896,0.39,69.56,51.33,-1.31,-0.52
1896-07-01,7,1896,3.44,68.49,51.3,-0.22,-0.66
1896-08-01,8,1896,3.76,68.32,51.33,0.42,-0.54
1896-09-01,9,1896,2.46,62.31,51.25,0.75,-0.33
1896-10-01,10,1896,5.19,50.11,51.19,2.02,0.61
1896-11-01,11,1896,1.01,42.43,51.47,1.74,0.09
1896-12-01,12,1896,0.71,37.54,51.92,1.18,0.06
1897-01-01,1,1897,3.29,31.83,51.49,0.44,0.73
1897-02-01,2,1897,0.92,35.25,51.4,0.33,0.83
1897-03-01,3,1897,1.44,38.63,50.95,0.72,0.94
1897-04-01,4,1897,0.45,50.37,51.11,-0.23,0.95
1897-05-01,5,1897,0.96,59.55,51.2,0.28,1.12
1897-06-01,6,1897,0.5,65.5,50.86,0.14,1.16
1897-07-01,7,1897,2.67,68.4,50.85,0,1.04
1897-08-01,8,1897,3.31,67.49,50.78,-0.24,1
1897-09-01,9,1897,4.28,61.88,50.75,1.04,1.39
1897-10-01,10,1897,1.78,50.88,50.81,1.26,0.68
1897-11-01,11,1897,0.02,44.38,50.97,0.79,0.44
1897-12-01,12,1897,0.93,33.35,50.63,-0.62,0.48
1898-01-01,1,1898,2.73,29.15,50.4,-0.11,0.33
1898-02-01,2,1898,0.28,40.53,50.84,-0.07,0.17
1898-03-01,3,1898,0.66,40.25,50.98,-0.14,-0.01
1898-04-01,4,1898,0.83,52.71,51.17,-0.99,0.08
1898-05-01,5,1898,0.55,54.9,50.79,-0.31,-0.01
1898-06-01,6,1898,1.19,65.36,50.78,0.72,0.14
1898-07-01,7,1898,5.02,69.13,50.84,1.67,0.67
1898-08-01,8,1898,3.66,68.51,50.92,1.6,0.78
1898-09-01,9,1898,0.96,61.45,50.88,0.74,0
1898-10-01,10,1898,0.09,51.72,50.95,-1.03,-0.47
1898-11-01,11,1898,0.82,40.42,50.62,-1.68,-0.25
1898-12-01,12,1898,1.82,29.7,50.32,-0.62,-0.01
1899-01-01,1,1899,0.95,31.79,50.54,-0.15,-0.48
1899-02-01,2,1899,0.53,34.7,50.05,-0.38,-0.38
1899-03-01,3,1899,0.47,42.81,50.27,-1.2,-0.4
1899-04-01,4,1899,0.19,50.18,50.06,-1.56,-0.56
1899-05-01,5,1899,0,53.94,49.98,-1.92,-0.68
1899-06-01,6,1899,0.89,64.62,49.91,-0.84,-0.78
1899-07-01,7,1899,5.67,68.89,49.89,1.56,-0.63
1899-08-01,8,1899,1.21,67.41,49.8,0.52,-1.39
1899-09-01,9,1899,1.39,63.54,49.98,0.02,-1.26
1899-10-01,10,1899,1.48,50.69,49.89,-1.45,-0.91
1899-11-01,11,1899,0.86,42.93,50.1,-0.34,-0.9
1899-12-01,12,1899,0.4,36.1,50.63,-0.61,-1.3
1900-01-01,1,1900,0.32,38.93,51.23,-1.37,-1.48
1900-02-01,2,1900,0.48,37.84,51.49,-1.82,-1.4
1900-03-01,3,1900,0.81,46,51.76,-1.49,-1.24
1900-04-01,4,1900,2.28,44.43,51.28,0.2,-0.67
1900-05-01,5,1900,0.44,58.28,51.64,0.7,-0.55
1900-06-01,6,1900,0.19,67.92,51.91,0.98,-0.74
1900-07-01,7,1900,2.01,71.17,52.1,-1.29,-1.84
1900-08-01,8,1900,1.85,67.53,52.11,-2.01,-1.74
1900-09-01,9,1900,3.61,60.23,51.84,-0.43,-1.05
1900-10-01,10,1900,1.34,52.43,51.98,0.13,-1.16
1900-11-01,11,1900,2.2,44.07,52.08,1.21,-0.76
1900-12-01,12,1900,0.13,36.65,52.12,-0.11,-0.81
1901-01-01,1,1901,1.89,36.29,51.9,0.13,-0.37
1901-02-01,2,1901,2.13,37.58,51.88,0.02,0.06
1901-03-01,3,1901,0.86,41.05,51.47,0.41,0.08
1901-04-01,4,1901,0.52,47.17,51.7,0.17,-0.33
1901-05-01,5,1901,1.11,56.84,51.58,0.04,-0.17
1901-06-01,6,1901,0.19,64.24,51.27,0.05,-0.18
1901-07-01,7,1901,3.74,71.27,51.28,0.64,0.23
1901-08-01,8,1901,2.79,69.64,51.45,-0.09,0.46
1901-09-01,9,1901,0.98,63.17,51.7,-0.41,-0.19
1901-10-01,10,1901,1.64,53.13,51.76,-0.61,-0.12
1901-11-01,11,1901,0.92,45.27,51.86,-0.46,-0.47
1901-12-01,12,1901,0.27,36.76,51.87,-0.56,-0.42
1902-01-01,1,1902,1.12,36.15,51.85,-0.84,-0.63
1902-02-01,2,1902,0.65,38.74,51.95,-1.12,-0.99
1902-03-01,3,1902,0.76,39.16,51.79,-0.79,-0.97
1902-04-01,4,1902,0.06,51.3,52.14,-1.27,-1.08
1902-05-01,5,1902,0.99,55.89,52.06,-0.5,-1.09
1902-06-01,6,1902,0.16,68.28,52.4,-0.66,-1.13
1902-07-01,7,1902,1.44,67.75,52.1,-1.34,-1.87
1902-08-01,8,1902,3.46,67.96,51.96,-1.21,-1.76
1902-09-01,9,1902,2.05,60.7,51.76,-0.74,-1.42
1902-10-01,10,1902,0.38,53,51.75,-0.34,-1.94
1902-11-01,11,1902,2.18,40.66,51.36,0.13,-1.51
1902-12-01,12,1902,2.15,35.55,51.26,0.37,-0.89
1903-01-01,1,1903,0.23,34.92,51.16,0.27,-1.14
1903-02-01,2,1903,1.21,31.37,50.54,-0.23,-0.91
1903-03-01,3,1903,1.33,41.48,50.74,-0.64,-0.72
1903-04-01,4,1903,0.46,48.52,50.51,-0.12,-0.61
1903-05-01,5,1903,0.52,54.94,50.43,-0.09,-0.71
1903-06-01,6,1903,1.91,63.88,50.06,0.97,-0.3
1903-07-01,7,1903,1.29,70.12,50.26,-0.32,-0.35
1903-08-01,8,1903,3.34,68.88,50.34,-0.2,-0.4
1903-09-01,9,1903,2.45,60.96,50.36,-0.66,-0.3
1903-10-01,10,1903,0,49.4,50.06,-0.4,-0.43
1903-11-01,11,1903,0,44.17,50.35,-1.19,-1.07
1903-12-01,12,1903,0.14,35.11,50.31,-4.08,-1.68
1904-01-01,1,1904,0.33,30.83,49.97,-2.74,-1.61
1904-02-01,2,1904,0.44,41.79,50.84,-2.16,-1.75
1904-03-01,3,1904,0.48,46.15,51.23,-1.84,-1.94
1904-04-01,4,1904,0.04,50.7,51.41,-1.85,-2.06
1904-05-01,5,1904,0.51,57.95,51.66,-1.34,-2.03
1904-06-01,6,1904,0.4,66.6,51.89,-1.04,-2.6
1904-07-01,7,1904,2.51,69.46,51.84,-0.57,-2.25
1904-08-01,8,1904,3.73,67.75,51.74,-0.14,-2.24
1904-09-01,9,1904,2.31,61.41,51.78,0.18,-2.3
1904-10-01,10,1904,2.5,51.16,51.92,0.92,-1.55
1904-11-01,11,1904,0.03,41.3,51.69,0.24,-1.54
1904-12-01,12,1904,1.45,35.08,51.68,0.04,-1.09
1905-01-01,1,1905,3.51,36.96,52.19,0.44,-0.19
1905-02-01,2,1905,5.86,36.89,51.79,2.04,1.04
1905-03-01,3,1905,5.24,42.65,51.49,3.14,1.89
1905-04-01,4,1905,3.68,47.26,51.21,3.73,2.48
1905-05-01,5,1905,0.2,55.02,50.96,2.98,2.39
1905-06-01,6,1905,0.89,65.44,50.87,2.15,2.53
1905-07-01,7,1905,2.55,67.93,50.74,-0.38,2.62
1905-08-01,8,1905,2.5,69.16,50.86,-0.59,2.54
1905-09-01,9,1905,3.06,63.11,51,-0.06,2.69
1905-10-01,10,1905,0.4,52.06,51.07,-0.3,2.43
1905-11-01,11,1905,6.27,42.28,51.15,2.08,3.6
1905-12-01,12,1905,1.63,29.19,50.66,1.61,3.53
1906-01-01,1,1906,0.86,32.39,50.28,1.6,3
1906-02-01,2,1906,1.28,39.56,50.5,-0.15,2.05
1906-03-01,3,1906,2.35,43.82,50.6,0.24,1.45
1906-04-01,4,1906,1.08,49.81,50.81,0.76,0.95
1906-05-01,5,1906,0.3,56.98,50.98,0.81,0.95
1906-06-01,6,1906,0,66.52,51.07,-0.44,0.79
1906-07-01,7,1906,3,68.89,51.15,-0.67,0.92
1906-08-01,8,1906,4.1,65.1,50.81,0.14,1.3
1906-09-01,9,1906,1.38,60.61,50.6,0.14,0.95
1906-10-01,10,1906,0.46,51.66,50.57,-0.31,1.01
1906-11-01,11,1906,1.78,41.65,50.51,-0.41,-0.11
1906-12-01,12,1906,5.13,38.28,51.27,1.33,0.76
1907-01-01,1,1907,2.88,37.15,51.67,1.86,1.19
1907-02-01,2,1907,1.03,42.54,51.92,1.61,1.08
1907-03-01,3,1907,1.23,46.27,52.12,0.52,0.81
1907-04-01,4,1907,1.39,50.86,52.21,0.25,0.87
1907-05-01,5,1907,1.16,53.2,51.89,0.84,1.02
1907-06-01,6,1907,0.71,62.63,51.57,1.23,1.18
1907-07-01,7,1907,2.34,69.49,51.62,0.06,1.09
1907-08-01,8,1907,4.39,66.87,51.77,0.34,1.21
1907-09-01,9,1907,1.49,61.88,51.87,0,1.24
1907-10-01,10,1907,3.45,52.05,51.9,1.25,1.95
1907-11-01,11,1907,0.95,40.61,51.82,0.71,1.78
1907-12-01,12,1907,0.38,37.8,51.78,0.4,0.68
1908-01-01,1,1908,1.1,36.52,51.72,-0.76,0.24
1908-02-01,2,1908,3.07,37.42,51.3,0.18,0.69
1908-03-01,3,1908,1.32,46.14,51.29,0.65,0.69
1908-04-01,4,1908,1.29,49.48,51.17,1.16,0.66
1908-05-01,5,1908,0.81,53.63,51.21,0.64,0.58
1908-06-01,6,1908,0.14,64.52,51.37,0.44,0.47
1908-07-01,7,1908,3.95,68.37,51.27,0.55,0.83
1908-08-01,8,1908,4.19,66.7,51.26,0.8,0.83
1908-09-01,9,1908,1.02,61.54,51.23,0.5,0.73
1908-10-01,10,1908,0.57,49.34,51.01,-0.4,0.04
1908-11-01,11,1908,0.89,41.26,51.06,-1.16,0.03
1908-12-01,12,1908,3.08,36.3,50.94,0.3,0.69
1909-01-01,1,1909,1.24,40.76,51.29,0.52,0.71
1909-02-01,2,1909,2.05,36.66,51.23,0.84,0.45
1909-03-01,3,1909,2.07,39.19,50.65,0.6,0.59
1909-04-01,4,1909,0.2,48.66,50.58,0.58,0.36
1909-05-01,5,1909,0.01,53.75,50.59,-0.12,0.18
1909-06-01,6,1909,0.28,65.97,50.71,-1.95,0.22
1909-07-01,7,1909,2.62,70.33,50.87,-1.03,-0.09
1909-08-01,8,1909,4.27,67.21,50.91,0.18,-0.08
1909-09-01,9,1909,1.67,60.79,50.85,0.18,0.08
1909-10-01,10,1909,0.17,52.73,51.13,-0.22,-0.02
1909-11-01,11,1909,0.63,43.62,51.33,-1.17,-0.09
1909-12-01,12,1909,1.78,29.76,50.79,-0.71,-0.44
1910-01-01,1,1910,2.24,35.88,50.38,0.31,-0.17
1910-02-01,2,1910,0.17,36.31,50.35,0.03,-0.63
1910-03-01,3,1910,0.76,47.71,51.06,-0.41,-0.94
1910-04-01,4,1910,0.8,50.59,51.22,-1.03,-0.77
1910-05-01,5,1910,0.25,58.26,51.6,-0.5,-0.7
1910-06-01,6,1910,0.61,66.62,51.65,-0.12,-0.63
1910-07-01,7,1910,2.02,70.26,51.64,-1.06,-0.81
1910-08-01,8,1910,2.65,69.35,51.82,-1.04,-1.34
1910-09-01,9,1910,0.75,64.47,52.13,-1.76,-1.64
1910-10-01,10,1910,0.75,53.03,52.15,-1.4,-1.54
1910-11-01,11,1910,1.8,44.37,52.21,-0.6,-1.17
1910-12-01,12,1910,0.45,37.76,52.88,-0.46,-1.55
1911-01-01,1,1911,2.57,39.29,53.17,0.37,-1.42
1911-02-01,2,1911,2.39,36.15,53.15,0.51,-0.71
1911-03-01,3,1911,1.55,46.12,53.02,1.03,-0.48
1911-04-01,4,1911,0.65,48.63,52.86,0.7,-0.51
1911-05-01,5,1911,0.1,56.82,52.74,-0.1,-0.54
1911-06-01,6,1911,1.15,64.73,52.58,0.13,-0.42
1911-07-01,7,1911,4.74,65.75,52.2,1.23,0.22
1911-08-01,8,1911,2.26,67.63,52.06,0.73,0.13
1911-09-01,9,1911,2.63,63.62,51.99,0.73,0.58
1911-10-01,10,1911,3.17,50.32,51.76,0.71,1.18
1911-11-01,11,1911,0.03,39.55,51.36,0.69,0.77
1911-12-01,12,1911,0.79,28.05,50.55,0.05,0.83
1912-01-01,1,1912,0.01,34.17,50.13,-2.14,0.21
1912-02-01,2,1912,0.43,36.09,50.12,-1.79,-0.27
1912-03-01,3,1912,3.99,40.56,49.66,0.22,0.3
1912-04-01,4,1912,1.07,43.45,49.23,1.09,0.39
1912-05-01,5,1912,0.2,55.73,49.14,1.56,0.41
1912-06-01,6,1912,1.38,64.69,49.13,0.78,0.47
1912-07-01,7,1912,4.09,66.6,49.21,1.04,0.34
1912-08-01,8,1912,3.01,65.39,49.02,0.91,0.52
1912-09-01,9,1912,0.64,58.39,48.58,-0.27,0.05
1912-10-01,10,1912,2.21,49.02,48.47,-0.36,-0.21
1912-11-01,11,1912,0.12,40.79,48.58,-0.81,-0.19
1912-12-01,12,1912,1.06,29.4,48.69,-0.25,-0.11
1913-01-01,1,1913,0.87,29.41,48.29,-1.01,0.11
1913-02-01,2,1913,3.19,33.18,48.05,0.41,0.73
1913-03-01,3,1913,0.76,37.95,47.83,0.38,0
1913-04-01,4,1913,0.5,47.17,48.14,0.64,-0.13
1913-05-01,5,1913,0.14,56.11,48.18,-0.9,-0.14
1913-06-01,6,1913,0.61,62.89,48.03,-0.61,-0.33
1913-07-01,7,1913,2.11,67.8,48.13,-1.08,-0.85
1913-08-01,8,1913,2.94,66.45,48.21,-0.78,-0.93
1913-09-01,9,1913,1.83,58.18,48.2,-0.78,-0.6
1913-10-01,10,1913,0.79,50.81,48.34,-0.52,-1.06
1913-11-01,11,1913,2.68,43.87,48.6,0.45,-0.31
1913-12-01,12,1913,1.54,30.76,48.71,0.49,-0.18
1914-01-01,1,1914,1.09,37.89,49.42,0.55,-0.12
1914-02-01,2,1914,1.38,37.64,49.79,-0.04,-0.56
1914-03-01,3,1914,0.73,43.19,50.23,-0.39,-0.54
1914-04-01,4,1914,0.26,50.08,50.47,-0.53,-0.59
1914-05-01,5,1914,0.76,57.45,50.58,-0.56,-0.43
1914-06-01,6,1914,1.53,65.87,50.83,0.7,-0.22
1914-07-01,7,1914,6.17,65.89,50.67,2.52,0.7
1914-08-01,8,1914,3.4,66.79,50.7,2.17,0.83
1914-09-01,9,1914,0.8,62.2,51.04,1.09,0.6
1914-10-01,10,1914,2.94,51.31,51.08,0.29,1.14
1914-11-01,11,1914,0.94,44.33,51.12,0.16,0.74
1914-12-01,12,1914,4.1,32.32,51.25,1.52,1.29
1915-01-01,1,1915,2.96,31.25,50.69,1.4,1.66
1915-02-01,2,1915,2.12,35.42,50.51,1.64,1.71
1915-03-01,3,1915,1.34,38.96,50.16,0.99,1.75
1915-04-01,4,1915,2.34,47.93,49.98,1.21,2.09
1915-05-01,5,1915,0.52,52.81,49.59,1.06,2.03
1915-06-01,6,1915,0.54,64.89,49.51,1.33,1.9
1915-07-01,7,1915,4.74,68.12,49.69,1.12,1.7
1915-08-01,8,1915,2.41,65.95,49.62,0.48,1.6
1915-09-01,9,1915,1.83,60.18,49.46,0.4,1.81
1915-10-01,10,1915,0.22,54.23,49.7,-1.19,1.32
1915-11-01,11,1915,1.05,42.83,49.57,-0.73,1.35
1915-12-01,12,1915,3.04,34.7,49.77,0.2,1.08
1916-01-01,1,1916,6.24,33.93,50,1.99,1.74
1916-02-01,2,1916,0.62,40.3,50.4,1.82,1.36
1916-03-01,3,1916,2.06,46.14,51,1.78,1.44
1916-04-01,4,1916,0.94,49.56,51.14,0.23,1.17
1916-05-01,5,1916,0.48,55.15,51.33,0.67,1.14
1916-06-01,6,1916,0,65.68,51.4,-0.39,1.06
1916-07-01,7,1916,3.84,68.17,51.4,0.14,0.92
1916-08-01,8,1916,4.2,66.02,51.41,0.67,1.34
1916-09-01,9,1916,1.74,60.44,51.43,0.81,1.33
1916-10-01,10,1916,4.28,51.43,51.19,1.59,2.25
1916-11-01,11,1916,0.04,41.24,51.06,0.78,2.06
1916-12-01,12,1916,1.04,32.77,50.9,0.63,1.59
1917-01-01,1,1917,3.09,32.2,50.76,0.11,0.88
1917-02-01,2,1917,1.47,35.93,50.39,0.58,1.01
1917-03-01,3,1917,0.05,38.64,49.77,0.3,0.56
1917-04-01,4,1917,1.72,46.68,49.53,0.02,0.72
1917-05-01,5,1917,0.88,50.56,49.15,0.15,0.79
1917-06-01,6,1917,0.09,66.88,49.25,0.81,0.83
1917-07-01,7,1917,3.35,70.35,49.43,0.14,0.75
1917-08-01,8,1917,1.67,67.38,49.54,-1.17,0.2
1917-09-01,9,1917,2.16,61.73,49.65,-0.6,0.3
1917-10-01,10,1917,0.03,54.16,49.88,-1.6,-0.86
1917-11-01,11,1917,0,45.3,50.22,-1.4,-0.87
1917-12-01,12,1917,0,42.15,51,-5.24,-1.16
1918-01-01,1,1918,2.44,31.73,50.96,-0.76,-1.33
1918-02-01,2,1918,1.54,38.88,51.2,-0.06,-1.23
1918-03-01,3,1918,1.44,43.92,51.64,0.63,-0.8
1918-04-01,4,1918,0.21,47.81,51.74,-0.01,-1.2
1918-05-01,5,1918,0.47,53.5,51.98,-0.24,-1.29
1918-06-01,6,1918,1.18,69.06,52.16,0.09,-1.02
1918-07-01,7,1918,2.64,68.36,52,0.12,-1.26
1918-08-01,8,1918,2.85,66.05,51.89,-0.12,-0.98
1918-09-01,9,1918,0.46,62.83,51.98,-1.39,-1.5
1918-10-01,10,1918,1.56,53.99,51.96,-0.93,-1.1
1918-11-01,11,1918,2.29,38.48,51.4,-0.03,-0.42
1918-12-01,12,1918,2.71,30.71,50.44,1.06,0.29
1919-01-01,1,1919,0.63,28.62,50.18,0.67,-0.17
1919-02-01,2,1919,2,32.11,49.62,0.49,-0.04
1919-03-01,3,1919,1.31,38.69,49.18,-0.01,-0.07
1919-04-01,4,1919,1.28,50.07,49.37,0.7,0.18
1919-05-01,5,1919,0.87,57.62,49.72,0.66,0.26
1919-06-01,6,1919,0.74,64.95,49.37,0.97,0.17
1919-07-01,7,1919,5.17,67.36,49.29,1.68,0.73
1919-08-01,8,1919,2.9,67.96,49.45,1.08,0.78
1919-09-01,9,1919,2.79,61.45,49.33,1.32,1.29
1919-10-01,10,1919,1.4,49.6,48.97,0.27,1.32
1919-11-01,11,1919,3.33,41.39,49.21,1.35,1.56
1919-12-01,12,1919,1.19,37.51,49.78,0.84,1.19
1920-01-01,1,1920,2.52,35.24,50.33,1.12,1.56
1920-02-01,2,1920,2.58,40.46,51.03,0.81,1.59
1920-03-01,3,1920,1.8,40.74,51.2,1.16,1.62
1920-04-01,4,1920,0.62,44.5,50.73,0.88,1.48
1920-05-01,5,1920,0.55,57.04,50.68,0.36,1.41
1920-06-01,6,1920,1.21,64.16,50.62,0.56,1.52
1920-07-01,7,1920,1.86,69.94,50.83,-0.4,0.92
1920-08-01,8,1920,2.71,65.33,50.61,-0.69,0.92
1920-09-01,9,1920,1.65,60.75,50.56,-1.21,0.67
1920-10-01,10,1920,2.33,49.04,50.51,0.07,0.92
1920-11-01,11,1920,0.56,41.27,50.5,0.09,0.25
1920-12-01,12,1920,0.52,32.77,50.1,-0.24,0.07
1921-01-01,1,1921,0.71,36.35,50.19,-1.2,-0.4
1921-02-01,2,1921,0.58,37.4,49.94,-1.29,-0.9
1921-03-01,3,1921,0.66,45.23,50.31,-1.2,-1.17
1921-04-01,4,1921,0.33,46.37,50.47,-1.17,-1.23
1921-05-01,5,1921,0.94,54.78,50.28,-0.4,-1.11
1921-06-01,6,1921,0.88,65.43,50.39,0.36,-1.23
1921-07-01,7,1921,5.68,67.51,50.18,2.05,-0.25
1921-08-01,8,1921,4.7,65.37,50.19,2.24,0.23
1921-09-01,9,1921,0.87,62.91,50.37,1.49,0.03
1921-10-01,10,1921,0.85,54.39,50.81,-0.06,-0.37
1921-11-01,11,1921,0.49,43.52,51,-1.38,-0.39
1921-12-01,12,1921,1.65,38.63,51.49,-0.47,-0.08
1922-01-01,1,1922,2.65,31.23,51.06,0.36,0.4
1922-02-01,2,1922,0.85,36.11,50.96,0.42,0.45
1922-03-01,3,1922,1.82,38.82,50.42,0.59,0.68
1922-04-01,4,1922,0.82,44.87,50.3,0.16,0.77
1922-05-01,5,1922,0.36,56.94,50.48,0.38,0.65
1922-06-01,6,1922,0.8,67.97,50.69,0.2,0.64
1922-07-01,7,1922,1.83,69.77,50.88,-0.95,-0.22
1922-08-01,8,1922,2.35,68.71,51.16,-1.27,-0.87
1922-09-01,9,1922,1,63.64,51.22,-1.94,-0.84
1922-10-01,10,1922,0.63,52.89,51.09,-1.52,-0.96
1922-11-01,11,1922,2.2,37.87,50.62,-0.29,-0.46
1922-12-01,12,1922,0.9,37.92,50.56,-0.08,-0.66
1923-01-01,1,1923,0.75,37.64,51.1,-0.03,-1.2
1923-02-01,2,1923,1.42,35.09,51.01,-0.49,-0.96
1923-03-01,3,1923,1.44,38.43,50.98,-0.17,-1.02
1923-04-01,4,1923,0.64,48.1,51.25,0.17,-1.06
1923-05-01,5,1923,0.21,57.44,51.29,-0.11,-1.08
1923-06-01,6,1923,0.04,63.66,50.93,-1.13,-1.32
1923-07-01,7,1923,3.15,69.23,50.88,-0.58,-0.99
1923-08-01,8,1923,5.67,65.12,50.58,1.1,-0.14
1923-09-01,9,1923,2.48,58.82,50.18,1.52,0.22
1923-10-01,10,1923,0.8,49.31,49.88,1.09,0.27
1923-11-01,11,1923,2.49,40.04,50.07,0.66,0.35
1923-12-01,12,1923,3.59,31.79,49.55,1.17,0.98
1924-01-01,1,1924,0.08,31.64,49.05,0.85,0.81
1924-02-01,2,1924,0.26,39.23,49.4,-0.08,0.52
1924-03-01,3,1924,2.44,37.14,49.29,-0.63,0.71
1924-04-01,4,1924,0.99,45.65,49.09,0.27,0.77
1924-05-01,5,1924,0.25,56.87,49.04,0.78,0.77
1924-06-01,6,1924,0.1,69.13,49.5,-0.49,0.8
1924-07-01,7,1924,3.98,68.62,49.45,0.15,1
1924-08-01,8,1924,1.24,68.48,49.73,-1.02,0.02
1924-09-01,9,1924,0.83,62.5,50.03,-1.32,-0.41
1924-10-01,10,1924,0.49,52.13,50.27,-2.69,-0.52
1924-11-01,11,1924,0.39,44.06,50.6,-1.83,-1.15
1924-12-01,12,1924,2.49,31.88,50.61,-0.26,-1.46
1925-01-01,1,1925,0.29,31.35,50.59,-0.35,-1.37
1925-02-01,2,1925,0.49,39.99,50.65,-0.39,-1.22
1925-03-01,3,1925,1.75,44.46,51.26,-0.79,-1.36
1925-04-01,4,1925,0.67,50.73,51.68,-0.17,-1.43
1925-05-01,5,1925,0.66,58.51,51.82,0.43,-1.29
1925-06-01,6,1925,1.12,65.26,51.5,0.62,-1.04
1925-07-01,7,1925,3.64,69.43,51.57,0.88,-1.18
1925-08-01,8,1925,4.13,64.96,51.27,1.12,-0.43
1925-09-01,9,1925,2.56,60.61,51.11,1.07,0.01
1925-10-01,10,1925,2.09,52,51.1,1.02,0.42
1925-11-01,11,1925,0.53,39.92,50.76,0.4,0.46
1925-12-01,12,1925,0.61,33.22,50.87,-0.33,-0.02
1926-01-01,1,1926,0.74,30.48,50.8,-1.13,0.09
1926-02-01,2,1926,0.56,39.18,50.73,-1.21,0.11
1926-03-01,3,1926,3.11,41.03,50.44,0.21,0.41
1926-04-01,4,1926,3.38,47.61,50.18,1.66,0.96
1926-05-01,5,1926,1.23,54.49,49.85,2.52,1.05
1926-06-01,6,1926,0.32,65.65,49.88,2.24,0.92
1926-07-01,7,1926,2.58,66.95,49.68,0,0.73
1926-08-01,8,1926,1.49,67.17,49.86,-1.73,0.14
1926-09-01,9,1926,2.25,63.5,50.1,-1.14,0.07
1926-10-01,10,1926,1.76,54.31,50.29,-0.56,-0.02
1926-11-01,11,1926,0.26,44.88,50.71,-0.05,-0.09
1926-12-01,12,1926,3.4,32.63,50.66,0.65,0.61
1927-01-01,1,1927,0.17,39.31,51.39,-0.04,0.46
1927-02-01,2,1927,2.85,41.67,51.6,0.86,0.93
1927-03-01,3,1927,1.52,40.34,51.54,0.26,0.57
1927-04-01,4,1927,1.17,48.81,51.64,1.11,0.09
1927-05-01,5,1927,0.13,57.89,51.92,0.26,-0.15
1927-06-01,6,1927,1.6,64.15,51.8,0.97,0.13
1927-07-01,7,1927,2.88,69.78,52.04,0.35,0.21
1927-08-01,8,1927,3.7,66.45,51.98,0.75,0.73
1927-09-01,9,1927,4.24,61.47,51.81,1.3,1.17
1927-10-01,10,1927,0.43,52.44,51.65,0.85,0.92
1927-11-01,11,1927,0.24,46.99,51.83,0.27,0.93
1927-12-01,12,1927,2.18,33.06,51.86,-0.55,0.61
1928-01-01,1,1928,0.28,35.59,51.55,-0.6,0.62
1928-02-01,2,1928,2.58,35.66,51.05,0.38,0.54
1928-03-01,3,1928,0.36,45.04,51.44,-0.38,0.27
1928-04-01,4,1928,0.71,47.83,51.36,0.25,0.17
1928-05-01,5,1928,1.77,57.71,51.35,0.28,0.51
1928-06-01,6,1928,0,66.04,51.51,0.65,0.18
1928-07-01,7,1928,2.82,69.86,51.51,0.33,0.17
1928-08-01,8,1928,3.64,66.48,51.52,-0.25,0.16
1928-09-01,9,1928,0.54,62.12,51.57,-0.71,-0.82
1928-10-01,10,1928,2.39,54.03,51.7,0.01,-0.31
1928-11-01,11,1928,1.06,40.82,51.19,-0.2,-0.08
1928-12-01,12,1928,0.73,34.51,51.31,0.14,-0.47
1929-01-01,1,1929,1.07,33.23,51.11,-0.52,-0.25
1929-02-01,2,1929,1.33,33.18,50.91,-0.46,-0.55
1929-03-01,3,1929,0.8,41.18,50.58,-0.39,-0.41
1929-04-01,4,1929,1.23,47.73,50.57,0.09,-0.28
1929-05-01,5,1929,1.43,56.07,50.44,0.66,-0.35
1929-06-01,6,1929,0.03,66.59,50.48,0.81,-0.36
1929-07-01,7,1929,4.45,69.31,50.44,1.18,0.03
1929-08-01,8,1929,3.77,66.54,50.44,0.79,0.05
1929-09-01,9,1929,2.77,61.82,50.42,1.38,0.59
1929-10-01,10,1929,1.2,52.98,50.33,0.57,0.32
1929-11-01,11,1929,0.42,37.83,50.08,0.01,0.16
1929-12-01,12,1929,0.05,38.54,50.42,-1.38,-0.02
1930-01-01,1,1930,2.49,31.83,50.3,-0.46,0.33
1930-02-01,2,1930,0.51,40.73,50.93,-0.5,0.13
1930-03-01,3,1930,2.11,39.77,50.81,0.5,0.41
1930-04-01,4,1930,0.69,52.32,51.2,0.06,0.29
1930-05-01,5,1930,0.78,52.32,50.88,0.73,0.15
1930-06-01,6,1930,0.35,66.52,50.88,0.05,0.22
1930-07-01,7,1930,4.47,67.99,50.77,1,0.24
1930-08-01,8,1930,2.66,66.81,50.79,0.36,-0.03
1930-09-01,9,1930,1.42,60.41,50.67,0.18,-0.38
1930-10-01,10,1930,0.47,51.26,50.53,-1.13,-0.61
1930-11-01,11,1930,2.67,39.59,50.67,0.1,0.01
1930-12-01,12,1930,0.36,31.92,50.12,-0.19,0.09
1931-01-01,1,1931,0.68,32.27,50.16,-0.09,-0.38
1931-02-01,2,1931,3.75,37.19,49.86,0.28,0.42
1931-03-01,3,1931,1.01,41.35,50,0.63,0.16
1931-04-01,4,1931,2.35,49.56,49.77,1.68,0.52
1931-05-01,5,1931,0.45,56.82,50.14,0.85,0.45
1931-06-01,6,1931,0.76,66.09,50.11,1.43,0.54
1931-07-01,7,1931,3.6,70.45,50.31,0.49,0.37
1931-08-01,8,1931,3.89,66.53,50.29,0.79,0.67
1931-09-01,9,1931,3,63.33,50.53,1.15,1.02
1931-10-01,10,1931,1.1,53.74,50.74,0.68,1.22
1931-11-01,11,1931,3.69,39.06,50.69,1.44,1.45
1931-12-01,12,1931,2.17,30.17,50.55,1.2,1.79
1932-01-01,1,1932,1.72,28.55,50.24,1.28,1.96
1932-02-01,2,1932,3.08,38.45,50.34,1.03,1.73
1932-03-01,3,1932,0.73,40.89,50.3,0.67,1.61
1932-04-01,4,1932,0.94,48.86,50.25,0.77,1.34
1932-05-01,5,1932,0.4,55.72,50.15,-0.28,1.31
1932-06-01,6,1932,0.29,64.16,49.99,-0.15,1.25
1932-07-01,7,1932,4.27,69.15,49.88,0.59,1.43
1932-08-01,8,1932,2.82,68.3,50.03,0.3,1.28
1932-09-01,9,1932,1.5,61.51,49.88,0.2,0.96
1932-10-01,10,1932,1.7,51.07,49.66,-0.27,1.15
1932-11-01,11,1932,0,43.11,50,-0.66,0.26
1932-12-01,12,1932,2.38,30.66,50.04,0.09,0.3
1933-01-01,1,1933,1.85,29.47,50.11,0.14,0.33
1933-02-01,2,1933,1.03,30.85,49.48,0.46,-0.17
1933-03-01,3,1933,0.05,43.07,49.66,-0.54,-0.32
1933-04-01,4,1933,1.09,44.41,49.29,-0.67,-0.28
1933-05-01,5,1933,0.4,52.22,49,-0.76,-0.27
1933-06-01,6,1933,1.69,65.02,49.07,1.18,0.04
1933-07-01,7,1933,3.37,70.35,49.17,0.91,-0.17
1933-08-01,8,1933,2.63,67.83,49.13,0.48,-0.24
1933-09-01,9,1933,1.93,64.76,49.4,-0.16,-0.13
1933-10-01,10,1933,2,54.81,49.71,0.01,-0.06
1933-11-01,11,1933,1.61,44.37,49.82,0.56,0.36
1933-12-01,12,1933,0.23,39.65,50.57,-0.02,-0.2
1934-01-01,1,1934,0.17,35.47,51.07,-1.04,-0.65
1934-02-01,2,1934,1.19,41.51,51.96,-1.46,-0.56
1934-03-01,3,1934,0.41,47.73,52.34,-1.35,-0.45
1934-04-01,4,1934,1.02,52.29,53,-0.36,-0.46
1934-05-01,5,1934,0.78,61.31,53.76,-0.17,-0.36
1934-06-01,6,1934,0.3,64.41,53.71,0.32,-0.72
1934-07-01,7,1934,1.84,71.41,53.8,-1.02,-1.16
1934-08-01,8,1934,5.45,68.91,53.89,0.42,-0.44
1934-09-01,9,1934,1.58,61.8,53.64,0.35,-0.53
1934-10-01,10,1934,0.44,54.18,53.59,0.45,-1.03
1934-11-01,11,1934,1.33,43.53,53.52,-0.57,-1.12
1934-12-01,12,1934,1.52,37.44,53.33,-0.3,-0.71
1935-01-01,1,1935,2.4,36.65,53.43,0.53,-0.1
1935-02-01,2,1935,2.22,37.14,53.07,0.76,0.16
1935-03-01,3,1935,1.71,41.5,52.55,0.96,0.44
1935-04-01,4,1935,0.83,49.56,52.32,0.78,0.4
1935-05-01,5,1935,1.18,52.09,51.55,0.81,0.48
1935-06-01,6,1935,0.33,65.76,51.66,0.53,0.49
1935-07-01,7,1935,2.08,69.96,51.54,-0.43,0.56
1935-08-01,8,1935,5.06,67.33,51.41,0.35,0.5
1935-09-01,9,1935,2.6,61.34,51.37,0.79,0.73
1935-10-01,10,1935,0.12,53.11,51.28,0.59,0.69
1935-11-01,11,1935,1.5,41.12,51.08,-0.07,0.74
1935-12-01,12,1935,1.26,35.29,50.9,-0.53,0.66
1936-01-01,1,1936,1.13,34.17,50.7,-0.01,0.34
1936-02-01,2,1936,2.67,36.9,50.68,0.38,0.43
1936-03-01,3,1936,1.3,42.73,50.78,0.5,0.33
1936-04-01,4,1936,0.45,51.2,50.92,0.63,0.24
1936-05-01,5,1936,0.59,58.76,51.47,-0.07,0.11
1936-06-01,6,1936,0.69,67.93,51.65,-0.05,0.19
1936-07-01,7,1936,2.23,70.04,51.66,-0.49,0.23
1936-08-01,8,1936,3.22,68.71,51.77,-0.46,-0.22
1936-09-01,9,1936,2.96,61.09,51.75,0.1,-0.13
1936-10-01,10,1936,1.13,51.86,51.65,0.37,0.13
1936-11-01,11,1936,1.35,41.2,51.66,0.52,0.09
1936-12-01,12,1936,1.92,36.19,51.73,0.24,0.26
1937-01-01,1,1937,1.92,24.53,50.93,0.51,0.44
1937-02-01,2,1937,2.55,35.19,50.78,0.85,0.39
1937-03-01,3,1937,2.1,39.98,50.56,1.05,0.55
1937-04-01,4,1937,0.14,48.85,50.36,0.79,0.48
1937-05-01,5,1937,1.15,58.39,50.33,0.62,0.59
1937-06-01,6,1937,1.17,64.31,50.03,0.63,0.7
1937-07-01,7,1937,1.9,69.93,50.02,0.07,0.66
1937-08-01,8,1937,2.26,70.08,50.13,-1.01,0.47
1937-09-01,9,1937,2.47,64.26,50.4,-0.94,0.35
1937-10-01,10,1937,1.21,54.09,50.58,-0.31,0.39
1937-11-01,11,1937,0.2,43.96,50.81,-0.26,0.1
1937-12-01,12,1937,1.21,36.66,50.85,-0.69,-0.09
1938-01-01,1,1938,0.64,35.4,51.76,-1.01,-0.43
1938-02-01,2,1938,1.94,38.12,52,-0.14,-0.55
1938-03-01,3,1938,2.46,41.42,52.12,0.48,-0.44
1938-04-01,4,1938,0.43,47.86,52.04,0.81,-0.36
1938-05-01,5,1938,0.14,55.56,51.8,0.4,-0.6
1938-06-01,6,1938,1.86,64.92,51.85,0.6,-0.44
1938-07-01,7,1938,2.45,67.86,51.68,0.23,-0.32
1938-08-01,8,1938,3.07,67.27,51.45,0.3,-0.14
1938-09-01,9,1938,2.34,61.81,51.24,-0.2,-0.17
1938-10-01,10,1938,0.06,52.88,51.14,-0.58,-0.51
1938-11-01,11,1938,0.13,38.12,50.66,-1.13,-0.52
1938-12-01,12,1938,2.06,37.46,50.72,-0.93,-0.28
1939-01-01,1,1939,1.69,32.39,50.47,-0.02,0
1939-02-01,2,1939,1.26,28.33,49.66,0.36,-0.16
1939-03-01,3,1939,1.33,41.79,49.69,0.15,-0.42
1939-04-01,4,1939,1.12,50.05,49.87,0.28,-0.25
1939-05-01,5,1939,0.13,58.12,50.09,0.1,-0.25
1939-06-01,6,1939,0.09,66.75,50.24,-0.49,-0.69
1939-07-01,7,1939,1.85,70.15,50.43,-1.92,-0.88
1939-08-01,8,1939,2.55,68.33,50.52,-1.65,-1.09
1939-09-01,9,1939,2.67,62.88,50.61,-0.67,-0.99
1939-10-01,10,1939,1.46,50.6,50.42,0.07,-0.64
1939-11-01,11,1939,1.37,42.47,50.78,0.54,-0.28
1939-12-01,12,1939,0.89,39.33,50.93,-0.08,-0.6
1940-01-01,1,1940,0.94,34.53,51.11,-0.34,-0.8
1940-02-01,2,1940,2.43,36.44,51.79,0.06,-0.44
1940-03-01,3,1940,0.48,44.07,51.98,-0.05,-0.63
1940-04-01,4,1940,0.92,49.19,51.9,0.34,-0.67
1940-05-01,5,1940,1.02,58.79,51.96,-0.01,-0.44
1940-06-01,6,1940,1.4,66.5,51.94,1.29,-0.14
1940-07-01,7,1940,2.07,70.18,51.94,0.26,-0.09
1940-08-01,8,1940,3.54,67.5,51.87,0.09,0.14
1940-09-01,9,1940,3.37,62.12,51.81,0.4,0.31
1940-10-01,10,1940,1.31,52.67,51.98,0.78,0.29
1940-11-01,11,1940,2.21,39.77,51.76,1.11,0.5
1940-12-01,12,1940,4.19,39.37,51.76,1.43,1.25
1941-01-01,1,1941,2.37,35.09,51.81,1.6,1.52
1941-02-01,2,1941,1.84,39.32,52.05,1.44,1.33
1941-03-01,3,1941,3.12,40.99,51.79,1.3,1.76
1941-04-01,4,1941,2.82,43.27,51.3,1.91,2.07
1941-05-01,5,1941,1.52,56.73,51.13,2.43,2.13
1941-06-01,6,1941,0.86,61.86,50.74,2.38,2.08
1941-07-01,7,1941,2.68,67.73,50.54,0.65,2.26
1941-08-01,8,1941,3.41,66.96,50.49,0.05,2.36
1941-09-01,9,1941,4.06,61.4,50.43,0.98,2.49
1941-10-01,10,1941,2.14,50.69,50.27,1.36,2.79
1941-11-01,11,1941,1.56,42.55,50.5,1.43,2.68
1941-12-01,12,1941,2.18,35.7,50.19,0.83,2.21
1942-01-01,1,1942,0.99,34.78,50.17,0.34,1.9
1942-02-01,2,1942,1.14,32.96,49.64,0.09,1.67
1942-03-01,3,1942,0.51,39.07,49.48,-0.72,1.11
1942-04-01,4,1942,1.24,48.2,49.89,-0.18,0.79
1942-05-01,5,1942,0,56.16,49.84,-0.56,0.47
1942-06-01,6,1942,0.08,65.56,50.15,-0.52,0.31
1942-07-01,7,1942,2.04,70.46,50.37,-1.86,0.18
1942-08-01,8,1942,3.27,67.19,50.39,-0.97,0.15
1942-09-01,9,1942,1.75,62.1,50.45,-0.67,-0.45
1942-10-01,10,1942,1.77,51.69,50.54,0.12,-0.58
1942-11-01,11,1942,0.09,45.56,50.79,-0.41,-1.02
1942-12-01,12,1942,1.96,37.93,50.97,-0.03,-1.06
1943-01-01,1,1943,1.89,35.51,51.03,0.01,-0.78
1943-02-01,2,1943,0.61,40.9,51.69,0.15,-0.87
1943-03-01,3,1943,1.67,43.81,52.09,0.1,-0.53
1943-04-01,4,1943,0.32,52.81,52.47,-0.37,-0.76
1943-05-01,5,1943,0.45,58.61,52.68,0,-0.63
1943-06-01,6,1943,1.28,65.33,52.66,0.27,-0.35
1943-07-01,7,1943,2.15,69.82,52.61,-0.19,-0.34
1943-08-01,8,1943,3.31,69.12,52.77,-0.08,-0.35
1943-09-01,9,1943,2.27,63.33,52.87,-0.28,-0.22
1943-10-01,10,1943,1.06,51.73,52.87,0.05,-0.43
1943-11-01,11,1943,0.12,41.97,52.57,-0.51,-0.42
1943-12-01,12,1943,1.63,34.19,52.26,-0.57,-0.5
1944-01-01,1,1944,0.88,32.1,51.98,-0.64,-0.77
1944-02-01,2,1944,2.14,35.08,51.49,0.22,-0.33
1944-03-01,3,1944,1.09,38.85,51.08,0.07,-0.45
1944-04-01,4,1944,0.77,45.33,50.45,0.42,-0.34
1944-05-01,5,1944,0.58,55.05,50.16,0,-0.3
1944-06-01,6,1944,0.11,63.15,49.97,-0.35,-0.6
1944-07-01,7,1944,2.5,68.66,49.88,-0.77,-0.53
1944-08-01,8,1944,2.94,68.61,49.84,-0.85,-0.66
1944-09-01,9,1944,3.06,61.58,49.69,0.15,-0.45
1944-10-01,10,1944,1.2,53.94,49.88,0.32,-0.44
1944-11-01,11,1944,2.02,39.13,49.64,0.87,0.08
1944-12-01,12,1944,1.36,35.23,49.73,0.31,0
1945-01-01,1,1945,1.63,33.22,49.82,0.44,0.19
1945-02-01,2,1945,0.36,38.12,50.07,-0.35,-0.24
1945-03-01,3,1945,2.25,38.34,50.03,0.13,0.04
1945-04-01,4,1945,0.27,46.13,50.1,-0.19,-0.07
1945-05-01,5,1945,0.01,56.27,50.2,0.07,-0.2
1945-06-01,6,1945,0.07,62.16,50.12,-2.35,-0.22
1945-07-01,7,1945,2.5,69.99,50.23,-1.35,-0.22
1945-08-01,8,1945,3.24,68.9,50.25,-0.67,-0.16
1945-09-01,9,1945,0.39,63.12,50.38,-1.27,-0.89
1945-10-01,10,1945,1.36,53.23,50.32,-0.86,-0.9
1945-11-01,11,1945,0,42.07,50.57,-1.79,-1.53
1945-12-01,12,1945,1.52,32.93,50.37,-0.53,-1.44
1946-01-01,1,1946,1.48,30.27,50.13,-0.44,-1.46
1946-02-01,2,1946,0.23,35.61,49.92,-0.41,-1.41
1946-03-01,3,1946,0.68,42.36,50.25,-0.89,-1.82
1946-04-01,4,1946,0.65,53.3,50.85,-1.18,-1.68
1946-05-01,5,1946,0.1,55.86,50.82,-0.87,-1.63
1946-06-01,6,1946,0.3,67.16,51.23,-0.88,-1.6
1946-07-01,7,1946,2.73,69.29,51.17,-0.82,-1.58
1946-08-01,8,1946,4.33,67.6,51.07,0.29,-1.34
1946-09-01,9,1946,3.18,63.4,51.09,1.03,-0.54
1946-10-01,10,1946,1.21,50.36,50.85,1,-0.62
1946-11-01,11,1946,1.6,38.93,50.59,0.75,-0.17
1946-12-01,12,1946,1.17,38.75,51.07,0.04,-0.26
1947-01-01,1,1947,0.64,30.56,51.1,-0.23,-0.48
1947-02-01,2,1947,0.42,40.04,51.47,-0.99,-0.39
1947-03-01,3,1947,0.14,42.15,51.45,-1.9,-0.51
1947-04-01,4,1947,0.07,47.84,51,-2.36,-0.65
1947-05-01,5,1947,0.95,58.92,51.25,-1.18,-0.43
1947-06-01,6,1947,0.5,63.91,50.98,-0.28,-0.39
1947-07-01,7,1947,1.61,70.61,51.09,-0.89,-0.69
1947-08-01,8,1947,5.14,67.33,51.07,0.23,-0.52
1947-09-01,9,1947,1.04,64.69,51.18,-0.24,-1.13
1947-10-01,10,1947,1.51,53.82,51.46,0.55,-1.1
1947-11-01,11,1947,1.3,37,51.3,-0.28,-1.2
1947-12-01,12,1947,1.47,31.9,50.73,0.18,-1.07
1948-01-01,1,1948,0.51,34.28,51.04,-0.3,-1.09
1948-02-01,2,1948,2.29,34,50.54,0.07,-0.52
1948-03-01,3,1948,1.14,35.55,49.99,-0.01,-0.25
1948-04-01,4,1948,0.08,50.8,50.24,0.17,-0.24
1948-05-01,5,1948,0.15,57.38,50.11,-0.94,-0.43
1948-06-01,6,1948,0.8,65.62,50.25,-0.91,-0.37
1948-07-01,7,1948,2.03,69.93,50.19,-0.96,-0.27
1948-08-01,8,1948,2.27,68.98,50.33,-1.18,-1.09
1948-09-01,9,1948,1.21,64,50.27,-1.7,-1.05
1948-10-01,10,1948,1.42,53.13,50.22,-0.91,-1.14
1948-11-01,11,1948,0.2,37.76,50.28,-0.91,-1.49
1948-12-01,12,1948,2.85,36.67,50.68,0.27,-1.02
1949-01-01,1,1949,4.29,26.87,50.06,1.21,0.02
1949-02-01,2,1949,0.82,33.22,49.99,1.32,-0.33
1949-03-01,3,1949,0.84,41.28,50.47,0.83,-0.39
1949-04-01,4,1949,0.67,48.65,50.29,-0.55,-0.24
1949-05-01,5,1949,0.34,55.91,50.17,-0.47,-0.19
1949-06-01,6,1949,1.04,64.59,50.08,0.27,-0.14
1949-07-01,7,1949,3.41,68.73,49.98,0.47,0.18
1949-08-01,8,1949,1.98,66.58,49.78,-0.27,0.11
1949-09-01,9,1949,2.43,63.88,49.77,-0.23,0.41
1949-10-01,10,1949,1.34,50.01,49.51,-0.42,0.4
1949-11-01,11,1949,0.27,45.95,50.19,-0.17,0.43
1949-12-01,12,1949,1.76,32.64,49.86,-0.26,0.14
1950-01-01,1,1950,0.84,34.3,50.48,-0.51,-0.78
1950-02-01,2,1950,0.94,39.95,51.04,-0.26,-0.69
1950-03-01,3,1950,0.59,43.02,51.18,-0.9,-0.73
1950-04-01,4,1950,0.08,51,51.38,-1.13,-0.87
1950-05-01,5,1950,0.06,54.59,51.27,-1.79,-0.93
1950-06-01,6,1950,0.39,65.82,51.37,-1.85,-1.13
1950-07-01,7,1950,4.21,67.92,51.3,0.38,-0.94
1950-08-01,8,1950,1.27,66.11,51.27,-0.63,-1.21
1950-09-01,9,1950,1.68,59.85,50.93,-0.61,-1.45
1950-10-01,10,1950,0.29,58.25,51.62,-2.08,-1.89
1950-11-01,11,1950,0.21,45.69,51.6,-1.4,-1.92
1950-12-01,12,1950,0.01,40.89,52.28,-2.85,-2.5
1951-01-01,1,1951,1.64,34.41,52.29,-1.15,-2.16
1951-02-01,2,1951,0.82,36,51.96,-0.83,-2.07
1951-03-01,3,1951,0.87,40.68,51.77,-0.32,-1.89
1951-04-01,4,1951,1.6,47.68,51.49,0.05,-1.41
1951-05-01,5,1951,0.34,56.77,51.67,0.26,-1.31
1951-06-01,6,1951,0,63.84,51.51,0.16,-1.46
1951-07-01,7,1951,2.03,72.14,51.86,-1.58,-2.21
1951-08-01,8,1951,4.69,68.34,52.04,-0.09,-1.21
1951-09-01,9,1951,0.59,63.53,52.35,-0.52,-1.56
1951-10-01,10,1951,1.89,53.24,51.93,0.31,-1.13
1951-11-01,11,1951,1.08,40.93,51.54,-0.44,-0.87
1951-12-01,12,1951,2.4,34.25,50.98,0.63,-0.18
1952-01-01,1,1952,3.16,36.25,51.14,1,0.21
1952-02-01,2,1952,0.54,34.94,51.05,0.75,0.14
1952-03-01,3,1952,2.5,35.35,50.61,0.92,0.49
1952-04-01,4,1952,2.17,48.33,50.66,0.97,0.61
1952-05-01,5,1952,0.36,57.37,50.71,1.46,0.6
1952-06-01,6,1952,1.17,65.72,50.87,1.52,0.86
1952-07-01,7,1952,2.54,67.97,50.52,-0.05,0.99
1952-08-01,8,1952,2.67,68.66,50.55,-0.3,0.59
1952-09-01,9,1952,1.53,63.16,50.51,-0.87,0.8
1952-10-01,10,1952,0,55.39,50.69,-1.37,0.38
1952-11-01,11,1952,2.45,38.34,50.48,-0.2,0.73
1952-12-01,12,1952,0.97,32.82,50.36,-0.23,0.36
1953-01-01,1,1953,0.26,38.64,50.56,-0.11,-0.39
1953-02-01,2,1953,0.66,34.81,50.55,-1.22,-0.33
1953-03-01,3,1953,2.24,42.54,51.15,-0.41,-0.37
1953-04-01,4,1953,0.88,48.03,51.12,0.31,-0.69
1953-05-01,5,1953,0.18,51.8,50.66,0.57,-0.72
1953-06-01,6,1953,0.57,66.68,50.74,-0.15,-0.9
1953-07-01,7,1953,3.55,70.15,50.92,0.13,-0.66
1953-08-01,8,1953,2.11,67.48,50.82,-0.4,-0.86
1953-09-01,9,1953,0.01,63.5,50.85,-1.58,-1.31
1953-10-01,10,1953,0.3,52.34,50.59,-2.82,-1.29
1953-11-01,11,1953,0.66,43.42,51.02,-2.72,-1.89
1953-12-01,12,1953,0.43,31.51,50.91,-1.64,-2.03
1954-01-01,1,1954,1.2,35.73,50.67,-0.85,-1.67
1954-02-01,2,1954,0.41,41.45,51.22,-1.12,-1.65
1954-03-01,3,1954,3.69,40.61,51.06,0.58,-1.16
1954-04-01,4,1954,0.07,53.04,51.48,0.51,-1.37
1954-05-01,5,1954,0.65,57.54,51.95,1.16,-1.22
1954-06-01,6,1954,0.54,65.08,51.82,-0.59,-1.26
1954-07-01,7,1954,3.64,70.37,51.84,0.5,-1.28
1954-08-01,8,1954,3.35,66.11,51.73,0.39,-0.99
1954-09-01,9,1954,1.81,63.65,51.74,0.31,-0.49
1954-10-01,10,1954,0.83,55.45,52,-0.29,-0.37
1954-11-01,11,1954,0.04,45.12,52.14,-1.02,-0.54
1954-12-01,12,1954,0.34,35.81,52.5,-1.82,-0.55
1955-01-01,1,1955,2.17,30.17,52.03,-0.69,-0.29
1955-02-01,2,1955,0.56,31.11,51.17,-0.49,-0.22
1955-03-01,3,1955,0.18,41.52,51.25,-0.56,-1.11
1955-04-01,4,1955,0.25,46.95,50.74,-1.81,-1.04
1955-05-01,5,1955,0.57,55.39,50.56,-1.38,-1.05
1955-06-01,6,1955,1.19,63.79,50.45,0.23,-0.9
1955-07-01,7,1955,3.95,67.05,50.18,1.06,-0.85
1955-08-01,8,1955,4.31,66.91,50.24,1.4,-0.63
1955-09-01,9,1955,0.19,62.68,50.16,0.12,-1.1
1955-10-01,10,1955,1,55.43,50.16,-0.56,-1.11
1955-11-01,11,1955,0.54,42.72,49.96,-1.81,-0.96
1955-12-01,12,1955,0.94,38.75,50.21,-0.78,-0.76
1956-01-01,1,1956,1.18,38.5,50.9,-0.63,-1.03
1956-02-01,2,1956,1.4,31.01,50.89,-0.27,-0.74
1956-03-01,3,1956,0.01,43.03,51.02,-0.75,-0.75
1956-04-01,4,1956,0.61,46.82,51.01,-0.79,-0.65
1956-05-01,5,1956,0.19,58.02,51.23,-1.66,-0.73
1956-06-01,6,1956,0.57,68.2,51.59,-0.45,-0.91
1956-07-01,7,1956,2.61,68.13,51.68,-0.61,-1.32
1956-08-01,8,1956,1.95,65.51,51.57,-1.15,-2.19
1956-09-01,9,1956,0.11,64.54,51.72,-2.34,-2.22
1956-10-01,10,1956,0.91,53.07,51.53,-2.31,-2.39
1956-11-01,11,1956,0,38.15,51.15,-2.65,-2.6
1956-12-01,12,1956,0.27,34.18,50.77,-1.86,-2.79
1957-01-01,1,1957,4.19,36.83,50.63,0.23,-1.66
1957-02-01,2,1957,0.84,43.98,51.71,0.47,-1.74
1957-03-01,3,1957,1.22,42.5,51.66,0.93,-1.31
1957-04-01,4,1957,0.74,46.98,51.67,-0.24,-1.25
1957-05-01,5,1957,1.18,52.62,51.22,0.47,-0.97
1957-06-01,6,1957,0.9,65.93,51.04,0.91,-0.9
1957-07-01,7,1957,3.56,69.92,51.18,1.02,-0.68
1957-08-01,8,1957,5.4,66.26,51.25,1.6,0.17
1957-09-01,9,1957,0.32,60.86,50.94,0.56,0.22
1957-10-01,10,1957,3.04,50.7,50.74,1.01,0.76
1957-11-01,11,1957,1.21,38.38,50.76,0.11,1.05
1957-12-01,12,1957,0.43,38.03,51.08,0.36,1.06
1958-01-01,1,1958,0.54,32.98,50.76,-0.92,0.18
1958-02-01,2,1958,2.41,39.3,50.37,-0.34,0.54
1958-03-01,3,1958,3.48,36.86,49.9,1,0.98
1958-04-01,4,1958,1.62,46.78,49.88,1.82,1.14
1958-05-01,5,1958,0.42,58.82,50.4,1.67,0.98
1958-06-01,6,1958,0.87,67.75,50.55,0.98,1
1958-07-01,7,1958,1.81,69.98,50.56,-0.85,0.67
1958-08-01,8,1958,3.24,68.76,50.77,-0.6,0.19
1958-09-01,9,1958,4.48,62.2,50.88,0.68,1.14
1958-10-01,10,1958,2.22,52.8,51.05,1.48,1.01
1958-11-01,11,1958,0.91,41.65,51.33,1.38,0.95
1958-12-01,12,1958,0.05,39.19,51.42,-0.36,0.83
1959-01-01,1,1959,0.36,36.01,51.67,-1.6,0.77
1959-02-01,2,1959,1.47,35.37,51.35,-1.23,0.53
1959-03-01,3,1959,0.08,41.08,51.7,-1.24,-0.25
1959-04-01,4,1959,0.7,51.21,52.07,-0.61,-0.47
1959-05-01,5,1959,0.07,55.57,51.8,-1.6,-0.54
1959-06-01,6,1959,0.68,67.8,51.8,-0.36,-0.61
1959-07-01,7,1959,3.06,70.46,51.84,-0.25,-0.31
1959-08-01,8,1959,4.97,66.49,51.65,1.03,0.11
1959-09-01,9,1959,0.24,61.31,51.58,0.02,-1.03
1959-10-01,10,1959,3.55,52.98,51.59,1.01,-0.7
1959-11-01,11,1959,1.27,41.58,51.59,0.34,-0.59
1959-12-01,12,1959,3.45,35.79,51.3,1.6,0.32
1960-01-01,1,1960,2.53,28.38,50.67,1.18,0.82
1960-02-01,2,1960,0.79,31.88,50.38,0.97,0.63
1960-03-01,3,1960,0.7,44.77,50.68,0.03,0.74
1960-04-01,4,1960,0.19,49.71,50.56,-1.07,0.63
1960-05-01,5,1960,0.51,55.08,50.52,-0.9,0.71
1960-06-01,6,1960,0.65,67.5,50.49,-0.48,0.72
1960-07-01,7,1960,1.83,69.36,50.4,-0.95,0.48
1960-08-01,8,1960,2.2,68.89,50.6,-1.5,-0.18
1960-09-01,9,1960,1.21,63.51,50.79,-1.9,0.06
1960-10-01,10,1960,3.26,51.09,50.63,0.06,-0.01
1960-11-01,11,1960,0.36,42.99,50.75,0.23,-0.26
1960-12-01,12,1960,1.29,31.91,50.42,0.45,-0.85
1961-01-01,1,1961,0.86,33.94,50.88,-0.72,-1.34
1961-02-01,2,1961,0.21,37.63,51.36,-0.9,-1.43
1961-03-01,3,1961,1.74,41.73,51.11,-0.62,-1.07
1961-04-01,4,1961,0.24,49,51.05,-0.66,-1.04
1961-05-01,5,1961,0.04,56.05,51.13,-0.32,-1.15
1961-06-01,6,1961,0.8,67.41,51.13,-0.84,-1.14
1961-07-01,7,1961,2.35,69.79,51.16,-0.77,-1.03
1961-08-01,8,1961,3.12,67.18,51.02,-0.37,-0.83
1961-09-01,9,1961,2.22,59.69,50.7,-0.3,-0.56
1961-10-01,10,1961,1.8,51.04,50.7,0.29,-1.03
1961-11-01,11,1961,1.66,39.12,50.37,0.62,-0.64
1961-12-01,12,1961,3.16,33.52,50.51,1.09,-0.11
1962-01-01,1,1962,2.08,31.96,50.34,1.08,0.19
1962-02-01,2,1962,1.23,38.89,50.45,0.87,0.42
1962-03-01,3,1962,1.08,35.93,49.97,0.2,0.27
1962-04-01,4,1962,0.29,51.78,50.2,-0.37,0.28
1962-05-01,5,1962,0.04,54.62,50.08,-0.89,0.27
1962-06-01,6,1962,0.48,63.24,49.73,-1.27,0.21
1962-07-01,7,1962,2.92,67.84,49.57,-0.55,0.34
1962-08-01,8,1962,1.17,68.5,49.68,-1.58,-0.12
1962-09-01,9,1962,3.3,62.92,49.95,-0.48,0.15
1962-10-01,10,1962,1.82,53.23,50.13,-0.13,0.15
1962-11-01,11,1962,1.18,45.44,50.65,0.88,0.03
1962-12-01,12,1962,1.86,37.54,50.99,0.43,-0.31
1963-01-01,1,1963,1.16,30.76,50.89,0.12,-0.56
1963-02-01,2,1963,1.39,39.71,50.96,0.13,-0.48
1963-03-01,3,1963,0.8,40.7,51.36,-0.31,-0.52
1963-04-01,4,1963,0.59,47.85,51.03,-0.25,-0.44
1963-05-01,5,1963,0.03,58.4,51.34,-0.88,-0.44
1963-06-01,6,1963,0.11,63.27,51.35,-1.42,-0.54
1963-07-01,7,1963,1.83,71.09,51.62,-2.05,-0.85
1963-08-01,8,1963,6,65.92,51.4,0.62,0.35
1963-09-01,9,1963,2.44,63.42,51.44,1.04,0.15
1963-10-01,10,1963,1.68,55.16,51.61,1.55,0.11
1963-11-01,11,1963,1.42,43.04,51.41,0.56,0.18
1963-12-01,12,1963,0.19,34.52,51.15,-0.3,-0.26
1964-01-01,1,1964,0.54,29.43,51.04,-0.94,-0.42
1964-02-01,2,1964,0.45,30.1,50.24,-1.84,-0.64
1964-03-01,3,1964,1.16,36.88,49.92,-1.05,-0.52
1964-04-01,4,1964,0.89,45.66,49.74,-0.44,-0.43
1964-05-01,5,1964,0.19,56.19,49.56,-0.15,-0.39
1964-06-01,6,1964,0.17,63.73,49.6,-0.61,-0.39
1964-07-01,7,1964,3.52,69.82,49.49,-0.19,0.01
1964-08-01,8,1964,3.24,66.77,49.56,0.04,-0.72
1964-09-01,9,1964,3.81,60.85,49.35,1.18,-0.35
1964-10-01,10,1964,0.26,54.4,49.28,0.37,-0.78
1964-11-01,11,1964,1.04,40.01,49.03,0.37,-0.9
1964-12-01,12,1964,1.27,35.01,49.07,-0.72,-0.56
1965-01-01,1,1965,2.7,36.41,49.65,0.44,0.01
1965-02-01,2,1965,1.5,33.91,49.97,0.53,0.27
1965-03-01,3,1965,1.16,38.11,50.07,0.6,0.26
1965-04-01,4,1965,1.51,47.33,50.21,0.51,0.39
1965-05-01,5,1965,0.39,53.63,50,0.42,0.43
1965-06-01,6,1965,0.75,60.85,49.76,0.78,0.56
1965-07-01,7,1965,4.05,68.85,49.68,0.74,0.69
1965-08-01,8,1965,2.82,66.82,49.68,0.44,0.63
1965-09-01,9,1965,2.22,59.79,49.59,0.46,0.26
1965-10-01,10,1965,0.53,53.18,49.49,-0.52,0.34
1965-11-01,11,1965,1.85,45.35,49.94,0.12,0.54
1965-12-01,12,1965,6.44,34.91,49.93,1.76,1.68
1966-01-01,1,1966,0.92,29.67,49.37,1.72,1.28
1966-02-01,2,1966,1.13,30.45,49.08,1.46,1.14
1966-03-01,3,1966,0.39,42.38,49.43,-0.85,0.94
1966-04-01,4,1966,0.18,50.06,49.66,-1.05,0.66
1966-05-01,5,1966,0.01,58.31,50.05,-2.07,0.58
1966-06-01,6,1966,1.25,64.99,50.4,-0.37,0.69
1966-07-01,7,1966,2.9,71.08,50.58,0.02,0.47
1966-08-01,8,1966,3.18,67.76,50.66,0.27,0.57
1966-09-01,9,1966,2.52,61.77,50.82,0.2,0.64
1966-10-01,10,1966,0.66,51.76,50.71,-0.09,0.7
1966-11-01,11,1966,1.1,45.17,50.69,-0.04,0.53
1966-12-01,12,1966,1.7,34.34,50.64,-0.21,-0.73
1967-01-01,1,1967,0.38,33.15,50.93,-0.35,-0.87
1967-02-01,2,1967,0.43,38.65,51.62,-0.81,-1.01
1967-03-01,3,1967,0.94,45.56,51.88,-1.37,-0.82
1967-04-01,4,1967,0.44,47.03,51.63,-0.96,-0.74
1967-05-01,5,1967,0.38,54.71,51.33,-0.55,-0.64
1967-06-01,6,1967,1.28,63.19,51.18,0.32,-0.65
1967-07-01,7,1967,4.01,69.87,51.08,1.04,-0.38
1967-08-01,8,1967,4.61,66.2,50.95,1.62,-0.04
1967-09-01,9,1967,2.72,61.32,50.91,1.53,0.01
1967-10-01,10,1967,0.31,53.48,51.06,0.53,-0.09
1967-11-01,11,1967,1.12,45.15,51.05,-0.11,-0.08
1967-12-01,12,1967,5.82,30.78,50.76,1.29,0.92
1968-01-01,1,1968,0.93,32.47,50.7,1.36,1.03
1968-02-01,2,1968,1.23,40.18,50.83,1.32,1.14
1968-03-01,3,1968,1.54,40.98,50.45,-0.13,1.21
1968-04-01,4,1968,0.7,45.62,50.33,0.15,1.25
1968-05-01,5,1968,0.2,54.98,50.35,0,1.2
1968-06-01,6,1968,0.21,65.4,50.54,-0.8,1.02
1968-07-01,7,1968,3.56,67.51,50.34,-0.12,0.96
1968-08-01,8,1968,3.59,63.79,50.14,0.29,0.78
1968-09-01,9,1968,0.55,59.91,50.02,-0.3,0.28
1968-10-01,10,1968,0.68,53.4,50.01,-0.96,0.38
1968-11-01,11,1968,1.28,41.32,49.69,-1.14,0.43
1968-12-01,12,1968,1.94,31.52,49.76,0.01,-0.6
1969-01-01,1,1969,1.71,38.25,50.24,0.41,-0.38
1969-02-01,2,1969,1.07,35.06,49.81,0.25,-0.39
1969-03-01,3,1969,1.03,36.57,49.45,-0.07,-0.5
1969-04-01,4,1969,0.32,49.28,49.75,-0.49,-0.58
1969-05-01,5,1969,1.2,56.4,49.87,0.08,-0.33
1969-06-01,6,1969,0.18,63.98,49.75,-0.08,-0.35
1969-07-01,7,1969,2.94,70.07,49.96,0.14,-0.52
1969-08-01,8,1969,3.43,70.53,50.52,-0.19,-0.6
1969-09-01,9,1969,2.13,62.57,50.75,0.15,-0.18
1969-10-01,10,1969,1.77,50.73,50.52,0.38,0.09
1969-11-01,11,1969,1.11,41.05,50.5,0.32,0.05
1969-12-01,12,1969,1.15,37.86,51.03,0.07,-0.16
1970-01-01,1,1970,0.18,32.58,50.56,-0.76,-0.56
1970-02-01,2,1970,0.71,39.23,50.9,-1.12,-0.62
1970-03-01,3,1970,2.06,39.12,51.12,-0.53,-0.33
1970-04-01,4,1970,0.74,44.07,50.68,0.17,-0.23
1970-05-01,5,1970,0.17,56.54,50.69,0.36,-0.47
1970-06-01,6,1970,0.44,64.76,50.76,-0.48,-0.42
1970-07-01,7,1970,2.97,70.15,50.77,-0.43,-0.42
1970-08-01,8,1970,2.58,68.42,50.59,-0.55,-0.69
1970-09-01,9,1970,2.16,60.66,50.43,-0.29,-0.68
1970-10-01,10,1970,1.6,48.11,50.21,-0.1,-0.77
1970-11-01,11,1970,0.22,43,50.38,-0.2,-1.04
1970-12-01,12,1970,0.91,36.56,50.27,-0.62,-1.09
1971-01-01,1,1971,0.35,33.95,50.38,-1.45,-1.02
1971-02-01,2,1971,0.6,36.87,50.19,-1.25,-0.98
1971-03-01,3,1971,0.16,42.76,50.49,-2,-1.47
1971-04-01,4,1971,0.53,47.04,50.74,-1.45,-1.52
1971-05-01,5,1971,0.13,53.02,50.44,-1.64,-1.5
1971-06-01,6,1971,0.06,64.59,50.43,-1.44,-1.66
1971-07-01,7,1971,2.14,71.06,50.5,-1.62,-1.98
1971-08-01,8,1971,4.44,66.49,50.34,-0.14,-1.48
1971-09-01,9,1971,2.42,61.14,50.38,0.41,-1.41
1971-10-01,10,1971,4.54,48.79,50.44,2.02,-0.59
1971-11-01,11,1971,0.76,41.55,50.32,1.42,-0.43
1971-12-01,12,1971,2.41,32.45,49.98,1.43,-0.02
1972-01-01,1,1972,0.06,35.12,50.07,-0.32,-0.1
1972-02-01,2,1972,0.02,38.08,50.17,-0.82,-0.23
1972-03-01,3,1972,0.01,47.92,50.6,-4.54,-0.25
1972-04-01,4,1972,0.01,49.07,50.77,-4.84,-0.37
1972-05-01,5,1972,0.39,55.39,50.97,-2.46,-0.3
1972-06-01,6,1972,2.16,64.28,50.95,0.71,0.17
1972-07-01,7,1972,2.6,69.91,50.85,0.71,0.28
1972-08-01,8,1972,3.85,66.63,50.86,0.98,0.15
1972-09-01,9,1972,2.15,61.31,50.88,0.2,0.08
1972-10-01,10,1972,7.53,53.53,51.27,2.73,0.83
1972-11-01,11,1972,1.58,37.33,50.92,2.53,1.03
1972-12-01,12,1972,2.12,34.11,51.06,2.39,0.93
1973-01-01,1,1973,0.96,30.81,50.7,0.31,1.11
1973-02-01,2,1973,2.81,35,50.44,0.68,1.61
1973-03-01,3,1973,3.42,37.1,49.54,1.25,2.15
1973-04-01,4,1973,0.56,43.75,49.1,1.57,2.22
1973-05-01,5,1973,1.86,55.45,49.1,1.81,2.42
1973-06-01,6,1973,0.65,64.18,49.09,1.1,2.23
1973-07-01,7,1973,2.93,68.1,48.94,0.9,2.36
1973-08-01,8,1973,1.74,66.86,48.96,-1.02,2.1
1973-09-01,9,1973,0.23,60.95,48.93,-2.16,1.73
1973-10-01,10,1973,0.03,52.57,48.85,-3.28,0.07
1973-11-01,11,1973,0.98,42.86,49.31,-2.35,-0.09
1973-12-01,12,1973,0.04,36.34,49.5,-2.01,-0.66
1974-01-01,1,1974,2.35,34.03,49.77,-0.25,-0.27
1974-02-01,2,1974,0.21,34.58,49.73,-0.76,-0.93
1974-03-01,3,1974,1.08,44.86,50.38,-0.16,-1.54
1974-04-01,4,1974,0.32,47.87,50.72,-1.13,-1.6
1974-05-01,5,1974,0.14,58.02,50.94,-0.76,-2.1
1974-06-01,6,1974,0.06,69.16,51.35,-1.87,-2.36
1974-07-01,7,1974,3.02,67.99,51.34,-0.74,-2.4
1974-08-01,8,1974,2.85,65.1,51.2,-0.59,-2.14
1974-09-01,9,1974,2.17,60.49,51.16,-0.1,-1.51
1974-10-01,10,1974,4.01,52.83,51.18,1.12,-0.38
1974-11-01,11,1974,0.61,41.63,51.07,1.08,-0.49
1974-12-01,12,1974,0.78,31.75,50.69,0.65,-0.27
1975-01-01,1,1975,1.51,32.67,50.58,-0.49,-0.49
1975-02-01,2,1975,1.34,34.36,50.56,-0.22,-0.17
1975-03-01,3,1975,2.07,39.33,50.1,0.43,0.06
1975-04-01,4,1975,1.18,43.25,49.71,0.7,0.26
1975-05-01,5,1975,0.32,52.74,49.27,0.72,0.29
1975-06-01,6,1975,0.02,62.92,48.75,-0.28,0.29
1975-07-01,7,1975,3.66,68.24,48.77,-0.1,0.44
1975-08-01,8,1975,1.56,67.11,48.94,-1.07,0.15
1975-09-01,9,1975,4.63,60.23,48.92,0.84,0.73
1975-10-01,10,1975,0.4,52.19,48.87,0.02,-0.15
1975-11-01,11,1975,1.4,41.73,48.88,0.93,0.06
1975-12-01,12,1975,1.21,34.72,49.12,-0.46,0.17
1976-01-01,1,1976,0.31,33.13,49.16,-0.48,-0.14
1976-02-01,2,1976,2.79,39.66,49.6,0.09,0.22
1976-03-01,3,1976,1.02,39.81,49.64,0.08,-0.02
1976-04-01,4,1976,1.01,46.99,49.96,0.8,-0.06
1976-05-01,5,1976,1.33,56.13,50.24,0.6,0.17
1976-06-01,6,1976,0.34,64.16,50.34,0.81,0.24
1976-07-01,7,1976,3.83,67.3,50.26,0.93,0.29
1976-08-01,8,1976,2.04,66.05,50.17,-0.41,0.41
1976-09-01,9,1976,2.44,60.19,50.17,0.05,-0.13
1976-10-01,10,1976,1.23,49.13,49.92,-0.44,0.08
1976-11-01,11,1976,0.48,40.93,49.85,-0.11,-0.16
1976-12-01,12,1976,0.19,33.67,49.76,-1.19,-0.43
1977-01-01,1,1977,1.79,32.24,49.69,-0.75,-0.04
1977-02-01,2,1977,0.43,37.39,49.5,-0.87,-0.62
1977-03-01,3,1977,0.98,37.52,49.31,-0.39,-0.6
1977-04-01,4,1977,0.9,48.55,49.44,-0.57,-0.62
1977-05-01,5,1977,0.24,53.91,49.25,-0.24,-0.89
1977-06-01,6,1977,0.61,66.15,49.42,-0.03,-0.84
1977-07-01,7,1977,3.52,69.41,49.59,0.18,-0.95
1977-08-01,8,1977,3.49,68.78,49.82,0.44,-0.61
1977-09-01,9,1977,2.33,63.48,50.1,0.59,-0.64
1977-10-01,10,1977,1.24,54.78,50.57,0.25,-0.68
1977-11-01,11,1977,0.72,44.65,50.88,-0.04,-0.61
1977-12-01,12,1977,0.7,40.23,51.42,-0.66,-0.45
1978-01-01,1,1978,2.79,35.76,51.72,0.13,-0.18
1978-02-01,2,1978,2.67,36.11,51.61,0.77,0.37
1978-03-01,3,1978,4.11,44.46,52.19,1.96,1
1978-04-01,4,1978,0.44,49.51,52.27,1.72,0.9
1978-05-01,5,1978,1.02,55.05,52.36,1.7,1.04
1978-06-01,6,1978,0.64,67.1,52.44,0.32,1.07
1978-07-01,7,1978,2.21,70.4,52.53,-0.2,0.84
1978-08-01,8,1978,2.82,66.48,52.33,-0.77,0.73
1978-09-01,9,1978,1.13,61.37,52.16,-1.25,0.45
1978-10-01,10,1978,1.94,55.22,52.2,-0.34,0.65
1978-11-01,11,1978,4.94,42.8,52.04,1.52,1.62
1978-12-01,12,1978,4.36,32.02,51.36,2.39,2.31
1979-01-01,1,1979,4.49,30.43,50.91,2.73,2.58
1979-02-01,2,1979,1.1,35.14,50.83,1.84,2.17
1979-03-01,3,1979,2.05,40.04,50.46,1.4,1.72
1979-04-01,4,1979,0.46,48.05,50.34,0.23,1.71
1979-05-01,5,1979,1.94,54.91,50.33,1.18,1.84
1979-06-01,6,1979,1.14,64,50.07,1.42,1.97
1979-07-01,7,1979,1.82,69.56,50,0.55,1.97
1979-08-01,8,1979,2.7,65.37,49.91,-0.78,2.05
1979-09-01,9,1979,1.2,63.65,50.1,-1.55,2.07
1979-10-01,10,1979,0.56,55.65,50.14,-1.19,1.9
1979-11-01,11,1979,0.85,38.34,49.76,-1.07,1.01
1979-12-01,12,1979,1.21,36.42,50.13,-0.69,0.23
1980-01-01,1,1980,3.94,36.68,50.65,0.79,0.08
1980-02-01,2,1980,4.96,39.01,50.97,1.88,0.94
1980-03-01,3,1980,1.69,39.87,50.96,2.22,0.83
1980-04-01,4,1980,0.73,47.09,50.88,1.77,0.88
1980-05-01,5,1980,0.58,52.99,50.72,0.38,0.6
1980-06-01,6,1980,0.07,66.85,50.96,-0.44,0.38
1980-07-01,7,1980,2.16,71.18,51.09,-1.12,0.47
1980-08-01,8,1980,2.79,67.49,51.27,-1.24,0.51
1980-09-01,9,1980,2.06,62.61,51.18,-0.7,0.71
1980-10-01,10,1980,0.71,50.92,50.79,-0.52,0.78
1980-11-01,11,1980,0.23,42.08,51.1,-0.79,0.64
1980-12-01,12,1980,0.55,40.4,51.43,-1.54,0.46
1981-01-01,1,1981,0.86,37.85,51.53,-1.32,-0.32
1981-02-01,2,1981,0.75,39.24,51.55,-1.03,-1.45
1981-03-01,3,1981,2.62,40.02,51.56,0.13,-1.13
1981-04-01,4,1981,0.9,51.14,51.9,0.55,-1.07
1981-05-01,5,1981,0.76,56.41,52.18,1.1,-1
1981-06-01,6,1981,0.73,68.89,52.35,0.57,-0.85
1981-07-01,7,1981,4.31,69.51,52.21,1.12,-0.32
1981-08-01,8,1981,2.72,67.75,52.24,0.52,-0.36
1981-09-01,9,1981,1.76,62.23,52.2,0.3,-0.45
1981-10-01,10,1981,1.68,51.93,52.29,-0.2,-0.21
1981-11-01,11,1981,1.42,45.09,52.54,0.25,0.11
1981-12-01,12,1981,0.07,38.76,52.4,-0.37,-0.01
1982-01-01,1,1982,2.75,34.67,52.14,0.14,0.45
1982-02-01,2,1982,2.06,38.2,52.05,0.31,0.72
1982-03-01,3,1982,2.28,41.81,52.2,1.22,0.62
1982-04-01,4,1982,0.3,48.98,52.02,0.73,0.49
1982-05-01,5,1982,1.33,54.86,51.89,0.91,0.6
1982-06-01,6,1982,0.08,63.71,51.46,-0.07,0.48
1982-07-01,7,1982,2.48,68.91,51.41,-0.18,0.08
1982-08-01,8,1982,3.89,68.17,51.44,-0.26,0.36
1982-09-01,9,1982,2.1,62.73,51.49,0.13,0.44
1982-10-01,10,1982,0.09,50.16,51.34,-0.24,0.05
1982-11-01,11,1982,3.07,41.36,51.03,0.44,0.48
1982-12-01,12,1982,3.62,33.9,50.62,1.14,1.28
1983-01-01,1,1983,2.01,35.34,50.68,1.58,1.1
1983-02-01,2,1983,2.08,37.23,50.6,1.25,1.04
1983-03-01,3,1983,3.57,40.62,50.5,1.4,1.26
1983-04-01,4,1983,0.99,42.88,49.99,1.52,1.37
1983-05-01,5,1983,0.26,54.31,49.94,1.36,1.16
1983-06-01,6,1983,0.25,63.04,49.89,-0.3,1.21
1983-07-01,7,1983,2.99,69.13,49.9,-0.5,1.36
1983-08-01,8,1983,3.57,67.55,49.85,-0.03,1.36
1983-09-01,9,1983,4.38,65.53,50.09,1.35,1.83
1983-10-01,10,1983,3.38,53.45,50.36,2,2.58
1983-11-01,11,1983,2.04,41.94,50.41,2.1,2.4
1983-12-01,12,1983,1.74,36.86,50.66,1.26,1.96
1984-01-01,1,1984,0.77,35.45,50.66,0.27,1.67
1984-02-01,2,1984,0.06,36.82,50.63,-0.77,1.18
1984-03-01,3,1984,0.57,42.61,50.8,-1.69,0.53
1984-04-01,4,1984,0.82,46.77,51.12,-1.29,0.49
1984-05-01,5,1984,0.47,61.28,51.7,-0.46,0.53
1984-06-01,6,1984,1.14,65.19,51.88,0.6,0.72
1984-07-01,7,1984,3.58,68.9,51.86,0.74,0.87
1984-08-01,8,1984,4.74,66.75,51.8,1.4,1.17
1984-09-01,9,1984,2.68,63.02,51.59,1.38,0.8
1984-10-01,10,1984,2.78,48.01,51.13,1.58,0.69
1984-11-01,11,1984,1.24,41.59,51.11,1.04,0.51
1984-12-01,12,1984,4.79,35.5,50.99,1.76,1.19
1985-01-01,1,1985,2.17,33.3,50.81,1.45,1.46
1985-02-01,2,1985,1.23,34.66,50.63,1.38,1.62
1985-03-01,3,1985,1.9,42.15,50.59,0.58,1.79
1985-04-01,4,1985,1.73,51.13,50.96,0.82,1.93
1985-05-01,5,1985,0.37,57.41,50.64,0.96,1.89
1985-06-01,6,1985,0.59,67.15,50.8,0.81,1.84
1985-07-01,7,1985,3.04,70.71,50.95,-0.1,1.8
1985-08-01,8,1985,2.62,68.37,51.08,-0.38,1.47
1985-09-01,9,1985,3.47,59.37,50.78,0.48,1.64
1985-10-01,10,1985,2.97,52.45,51.15,1.14,1.76
1985-11-01,11,1985,2.36,42.03,51.19,1.79,2.01
1985-12-01,12,1985,0.58,36.13,51.24,0.84,1.06
1986-01-01,1,1986,0.21,40.34,51.82,-0.36,0.59
1986-02-01,2,1986,2.13,39.57,52.23,-0.57,0.76
1986-03-01,3,1986,1.95,45.28,52.49,0.15,0.74
1986-04-01,4,1986,0.31,50.72,52.46,0.61,0.44
1986-05-01,5,1986,0.69,57.21,52.44,0.35,0.5
1986-06-01,6,1986,1.87,65.92,52.34,0.95,0.78
1986-07-01,7,1986,4.36,66.99,52.03,1.75,1.08
1986-08-01,8,1986,3.51,68.9,52.08,1.54,1.32
1986-09-01,9,1986,1.6,59.77,52.11,0.65,0.92
1986-10-01,10,1986,2.75,50.13,51.92,0.62,0.92
1986-11-01,11,1986,2.73,41.96,51.91,1.19,1.01
1986-12-01,12,1986,1.97,34.78,51.8,1.35,1.29
1987-01-01,1,1987,1.62,32.64,51.16,0.9,1.56
1987-02-01,2,1987,2.2,35.24,50.8,0.65,1.49
1987-03-01,3,1987,1.1,37.92,50.18,0.43,1.27
1987-04-01,4,1987,0.42,50.07,50.13,0.28,1.28
1987-05-01,5,1987,1.14,54.73,49.92,0.16,1.35
1987-06-01,6,1987,1.09,65.47,49.88,0.78,1.23
1987-07-01,7,1987,2.98,67.78,49.95,0.75,0.99
1987-08-01,8,1987,3.45,66.16,49.72,0.38,1.03
1987-09-01,9,1987,1.02,60.62,49.79,-0.44,0.91
1987-10-01,10,1987,1.2,55.7,50.25,-0.46,0.58
1987-11-01,11,1987,2.01,40.42,50.13,-0.07,0.41
1987-12-01,12,1987,2.26,32.81,49.96,0.67,0.46
1988-01-01,1,1988,1.71,32.37,49.94,0.79,0.47
1988-02-01,2,1988,1.45,39.49,50.29,0.52,0.29
1988-03-01,3,1988,0.26,41.93,50.63,-0.27,0.09
1988-04-01,4,1988,2.43,47.83,50.44,0.49,0.53
1988-05-01,5,1988,0.12,56.28,50.57,0.26,0.31
1988-06-01,6,1988,1.04,65.93,50.61,1.45,0.3
1988-07-01,7,1988,3.39,69,50.71,0.31,0.4
1988-08-01,8,1988,6.15,66.52,50.74,1.93,1.03
1988-09-01,9,1988,1.85,59.69,50.67,1.56,1.21
1988-10-01,10,1988,1.34,56.17,50.7,1.25,1.3
1988-11-01,11,1988,0.8,42.59,50.89,-0.2,1.04
1988-12-01,12,1988,0.83,33.59,50.95,-0.48,0.68
1989-01-01,1,1989,1.85,32.65,50.97,-0.2,0.69
1989-02-01,2,1989,0.54,39.54,50.98,-0.42,0.46
1989-03-01,3,1989,1.13,46.74,51.38,-0.22,0.63
1989-04-01,4,1989,0.05,54.96,51.97,-1.03,0.11
1989-05-01,5,1989,0.3,59.44,52.24,-0.82,0.15
1989-06-01,6,1989,0.04,66.48,52.28,-2.23,-0.07
1989-07-01,7,1989,3.47,70.42,52.4,-0.25,-0.06
1989-08-01,8,1989,2.57,66.5,52.4,-0.49,-1.04
1989-09-01,9,1989,1.06,62.36,52.62,-0.65,-1.28
1989-10-01,10,1989,1.81,52.11,52.28,-0.59,-1.21
1989-11-01,11,1989,0.11,43.26,52.34,-0.81,-1.43
1989-12-01,12,1989,0.5,35.14,52.47,-0.82,-1.5
1990-01-01,1,1990,0.83,33.21,52.51,-1.49,-1.8
1990-02-01,2,1990,1.33,34.54,52.1,-0.72,-1.45
1990-03-01,3,1990,1.11,42.79,51.77,-0.35,-1.39
1990-04-01,4,1990,0.89,50.66,51.41,0.07,-1.14
1990-05-01,5,1990,0.71,55.68,51.1,0.19,-1.01
1990-06-01,6,1990,0.3,69.91,51.38,0.13,-0.97
1990-07-01,7,1990,4.28,68.16,51.19,0.8,-0.78
1990-08-01,8,1990,3.32,64.9,51.06,0.6,-0.62
1990-09-01,9,1990,3.37,63.21,51.13,1.37,-0.02
1990-10-01,10,1990,0.4,52.81,51.19,0.27,-0.41
1990-11-01,11,1990,2.03,42.78,51.15,0.67,0.12
1990-12-01,12,1990,2.76,32.09,50.89,0.56,0.67
1991-01-01,1,1991,1.13,33.73,50.94,0.77,0.72
1991-02-01,2,1991,0.94,40.48,51.43,0.3,0.6
1991-03-01,3,1991,4.56,37.58,51,1.07,1.27
1991-04-01,4,1991,0.01,47.37,50.72,1.09,1.09
1991-05-01,5,1991,0.12,55.82,50.74,1.3,0.96
1991-06-01,6,1991,0.61,62.66,50.13,-1.4,1.04
1991-07-01,7,1991,2.74,68.08,50.13,-0.53,0.76
1991-08-01,8,1991,4.28,66.9,50.29,0.45,1.01
1991-09-01,9,1991,1.76,61.57,50.16,0.3,0.65
1991-10-01,10,1991,0.73,54.99,50.34,0.11,0.76
1991-11-01,11,1991,2.11,40.65,50.16,0.12,0.79
1991-12-01,12,1991,3.61,34.62,50.37,1.03,0.96
1992-01-01,1,1992,1.94,31.06,50.15,1.3,1.12
1992-02-01,2,1992,1.51,38.05,49.95,1.06,1.18
1992-03-01,3,1992,2.7,41.82,50.3,0.9,0.76
1992-04-01,4,1992,0.76,51.94,50.68,0.87,0.91
1992-05-01,5,1992,4.87,55.85,50.68,2.73,1.76
1992-06-01,6,1992,0.56,63.17,50.73,2.86,1.8
1992-07-01,7,1992,2.93,67.72,50.7,2.48,1.89
1992-08-01,8,1992,4.71,66.47,50.66,0.76,2.07
1992-09-01,9,1992,0.87,62.89,50.77,0.15,1.91
1992-10-01,10,1992,1.36,55.15,50.78,0.2,2.14
1992-11-01,11,1992,0.52,37.19,50.49,-0.97,1.82
1992-12-01,12,1992,4.4,32.66,50.33,0.97,1.93
1993-01-01,1,1993,6.11,36.45,50.78,2.15,2.68
1993-02-01,2,1993,3.28,36.77,50.67,2.68,2.83
1993-03-01,3,1993,1.51,43.34,50.8,2.3,2.53
1993-04-01,4,1993,0.11,49.73,50.62,0.84,2.4
1993-05-01,5,1993,0.6,57.61,50.76,-0.16,1.65
1993-06-01,6,1993,0.5,65.16,50.93,-0.66,1.68
1993-07-01,7,1993,1.13,69,51.04,-1.74,1.39
1993-08-01,8,1993,5.26,67.45,51.12,0.01,1.57
1993-09-01,9,1993,1.01,61.01,50.96,-0.47,1.61
1993-10-01,10,1993,1.99,52.01,50.7,0.8,1.83
1993-11-01,11,1993,1.85,40.13,50.94,0.24,2.12
1993-12-01,12,1993,0.46,35.16,51.15,0.19,1.23
1994-01-01,1,1994,0.45,35.87,51.1,-0.57,-0.13
1994-02-01,2,1994,1.9,35.16,50.97,-0.64,-0.46
1994-03-01,3,1994,1.53,43.87,51.01,-0.04,-0.43
1994-04-01,4,1994,0.62,49.09,50.96,0.45,-0.3
1994-05-01,5,1994,1.25,56.24,50.85,0.62,-0.14
1994-06-01,6,1994,0.56,69.99,51.25,0.6,-0.14
1994-07-01,7,1994,1.75,70.94,51.41,-0.45,0.01
1994-08-01,8,1994,2.79,70.55,51.67,-1.18,-0.64
1994-09-01,9,1994,2.38,63.32,51.86,-0.76,-0.28
1994-10-01,10,1994,1.86,51.05,51.78,0.24,-0.34
1994-11-01,11,1994,3.9,39.88,51.76,1.57,0.22
1994-12-01,12,1994,2.35,37.61,51.96,1.56,0.67
1995-01-01,1,1995,3.1,34.24,51.83,1.75,1.24
1995-02-01,2,1995,1.43,42.86,52.47,1,1.08
1995-03-01,3,1995,1.66,43.53,52.44,0.91,1.07
1995-04-01,4,1995,0.53,46.09,52.19,0.23,1.04
1995-05-01,5,1995,0.38,53.5,51.96,0.09,0.86
1995-06-01,6,1995,0.19,64,51.46,-0.81,0.8
1995-07-01,7,1995,1.4,69.85,51.37,-2.05,0.76
1995-08-01,8,1995,3.71,70.4,51.36,-1.03,1
1995-09-01,9,1995,2.11,63.55,51.38,-0.58,0.94
1995-10-01,10,1995,0.05,54.88,51.7,-0.35,0.55
1995-11-01,11,1995,0.66,47.33,52.32,-0.92,-0.29
1995-12-01,12,1995,0.68,37.74,52.33,-1.64,-0.74
1996-01-01,1,1996,0.46,37.22,52.58,-1.19,-1.52
1996-02-01,2,1996,1.58,42.96,52.59,-0.69,-1.38
1996-03-01,3,1996,0.35,42.37,52.49,-0.89,-1.71
1996-04-01,4,1996,0.15,50.8,52.88,-0.74,-1.81
1996-05-01,5,1996,0.03,61.86,53.58,-2.18,-1.89
1996-06-01,6,1996,1.06,68.94,53.99,-0.62,-1.67
1996-07-01,7,1996,4.08,70.95,54.08,0.72,-0.93
1996-08-01,8,1996,3.63,68.4,53.92,1.06,-1.02
1996-09-01,9,1996,3.4,60.26,53.64,1.43,-0.66
1996-10-01,10,1996,2.55,52.25,53.42,1.34,0
1996-11-01,11,1996,0.9,43.64,53.12,1.1,0.06
1996-12-01,12,1996,0.17,37.13,53.07,-0.13,-0.07
1997-01-01,1,1997,2.89,33.9,52.79,0.02,0.52
1997-02-01,2,1997,1.35,37.07,52.3,0.13,0.45
1997-03-01,3,1997,0.79,45.57,52.56,0.47,0.53
1997-04-01,4,1997,0.79,46.9,52.24,-0.16,0.66
1997-05-01,5,1997,1,59.91,52.08,0.1,0.84
1997-06-01,6,1997,0.77,64.77,51.73,0.71,0.8
1997-07-01,7,1997,2.35,69.66,51.62,-0.01,0.46
1997-08-01,8,1997,2.62,68.52,51.63,-0.72,0.24
1997-09-01,9,1997,3.45,65.39,52.06,0.11,0.25
1997-10-01,10,1997,1.57,51.61,52,0.53,0
1997-11-01,11,1997,0.85,43.71,52.01,0.7,-0.01
1997-12-01,12,1997,2.67,31.36,51.53,0.52,0.61
1998-01-01,1,1998,0.58,36.89,51.78,0.08,0.04
1998-02-01,2,1998,2.56,34.35,51.55,0.65,0.32
1998-03-01,3,1998,2.71,40.41,51.12,0.79,0.72
1998-04-01,4,1998,0.96,43.81,50.87,1.37,0.75
1998-05-01,5,1998,0.08,55.68,50.51,0.82,0.55
1998-06-01,6,1998,0.26,64.27,50.47,-0.54,0.46
1998-07-01,7,1998,4.1,70.51,50.54,0.23,0.85
1998-08-01,8,1998,2.77,69.05,50.59,0.16,0.92
1998-09-01,9,1998,1.28,64.92,50.55,-0.04,0.43
1998-10-01,10,1998,2.6,53.07,50.67,0.05,0.7
1998-11-01,11,1998,1.59,44.42,50.73,0.53,0.89
1998-12-01,12,1998,0.8,36.83,51.18,0.48,0.42
1999-01-01,1,1999,0.18,38.81,51.35,-0.68,0.31
1999-02-01,2,1999,0.3,41.32,51.93,-1.74,-0.24
1999-03-01,3,1999,0.5,45.35,52.34,-2.16,-0.78
1999-04-01,4,1999,1.64,45.87,52.51,-0.48,-0.59
1999-05-01,5,1999,0.21,56.48,52.58,-0.06,-0.55
1999-06-01,6,1999,0.78,64.97,52.63,0.77,-0.44
1999-07-01,7,1999,5.12,68.14,52.44,1.3,-0.2
1999-08-01,8,1999,5.11,67.38,52.3,2.13,0.36
1999-09-01,9,1999,3.27,62.84,52.12,2.44,0.82
1999-10-01,10,1999,0.06,54.76,52.26,0.88,0.24
1999-11-01,11,1999,0.01,48.2,52.58,-0.58,-0.17
1999-12-01,12,1999,0.2,34.12,52.35,-3.49,-0.33
2000-01-01,1,2000,0.33,39.09,52.37,-2.6,-0.29
2000-02-01,2,2000,0.25,41.49,52.39,-2.33,-0.28
2000-03-01,3,2000,2.29,42.54,52.15,-0.58,0.15
2000-04-01,4,2000,0.26,52.69,52.72,-0.24,-0.16
2000-05-01,5,2000,0.01,62.35,53.21,0.09,-0.2
2000-06-01,6,2000,1.75,68.03,53.47,0.24,0.02
2000-07-01,7,2000,1.58,71.22,53.72,-0.64,-0.88
2000-08-01,8,2000,3.26,69.02,53.86,-0.17,-1.49
2000-09-01,9,2000,0.26,65.27,54.06,-2,-2.53
2000-10-01,10,2000,5.76,51.84,53.82,1.23,-0.75
2000-11-01,11,2000,1.88,35.76,52.78,1.48,-0.22
2000-12-01,12,2000,0.32,38.25,53.13,1.51,-0.18
2001-01-01,1,2001,1.84,32.61,52.59,0.05,0.2
2001-02-01,2,2001,1.15,37.05,52.22,-0.37,0.41
2001-03-01,3,2001,1.02,42.6,52.22,0.02,0.11
2001-04-01,4,2001,1.55,49.32,51.94,0.28,0.39
2001-05-01,5,2001,1.08,60.22,51.77,0.77,0.61
2001-06-01,6,2001,0.78,67.91,51.75,1.33,0.42
2001-07-01,7,2001,3.28,69.45,51.61,0.7,0.8
2001-08-01,8,2001,3.68,67.81,51.51,0.51,0.93
2001-09-01,9,2001,1.07,64.52,51.44,-0.11,1.11
2001-10-01,10,2001,0.5,56.12,51.8,-0.7,-0.13
2001-11-01,11,2001,0.49,44.43,52.52,-1.51,-0.51
2001-12-01,12,2001,0.92,33.55,52.13,-1.18,-0.34
2002-01-01,1,2002,0.46,35.87,52.4,-1.14,-0.71
2002-02-01,2,2002,0.31,37.85,52.47,-1.38,-0.89
2002-03-01,3,2002,0.27,41.93,52.42,-2.09,-1.05
2002-04-01,4,2002,0.25,54.48,52.84,-2.03,-1.4
2002-05-01,5,2002,0.11,58.37,52.69,-1.97,-1.66
2002-06-01,6,2002,0.06,70.29,52.89,-2.14,-1.93
2002-07-01,7,2002,3.01,71.04,53.02,-0.78,-2.08
2002-08-01,8,2002,2.19,69.48,53.16,-1.06,-2.76
2002-09-01,9,2002,3.12,63.46,53.07,0.05,-2.02
2002-10-01,10,2002,1.09,51.42,52.68,-0.07,-1.93
2002-11-01,11,2002,1.01,43.51,52.6,0.42,-1.75
2002-12-01,12,2002,1.7,34.21,52.66,-0.04,-1.45
2003-01-01,1,2003,0.3,41.59,53.13,-0.44,-1.47
2003-02-01,2,2003,2.82,38.11,53.16,0.29,-0.68
2003-03-01,3,2003,1.7,41.29,53.1,0.38,-0.29
2003-04-01,4,2003,0.32,47.99,52.56,0.81,-0.27
2003-05-01,5,2003,0.17,59.41,52.65,-0.19,-0.25
2003-06-01,6,2003,0.46,66.87,52.36,-1.04,-0.16
2003-07-01,7,2003,1.4,74.2,52.63,-1.97,-0.57
2003-08-01,8,2003,2.75,69.78,52.65,-1.55,-0.46
2003-09-01,9,2003,1.61,64.61,52.75,-1.52,-0.88
2003-10-01,10,2003,1.07,58.21,53.32,-0.6,-0.94
2003-11-01,11,2003,2.03,42.86,53.26,0.18,-0.64
2003-12-01,12,2003,0.62,36.66,53.47,-0.08,-0.93
2004-01-01,1,2004,1.17,35.81,52.98,-0.04,-0.67
2004-02-01,2,2004,1.18,33.81,52.63,-0.55,-1.07
2004-03-01,3,2004,1.53,47.94,53.18,-0.04,-1.07
2004-04-01,4,2004,2.27,48.47,53.22,0.87,-0.55
2004-05-01,5,2004,0.14,58.69,53.16,0.92,-0.55
2004-06-01,6,2004,0.33,66.64,53.14,0.85,-0.6
2004-07-01,7,2004,2.07,69.41,52.74,-1.4,-0.45
2004-08-01,8,2004,2.57,66.43,52.46,-1.27,-0.53
2004-09-01,9,2004,2.22,61.49,52.2,-0.8,-0.37
2004-10-01,10,2004,1.89,51.75,51.66,0.07,-0.17
2004-11-01,11,2004,2.02,40.54,51.47,0.81,-0.17
2004-12-01,12,2004,2.26,35.96,51.41,0.93,0.26
2005-01-01,1,2005,3.43,38.33,51.62,1.32,0.78
2005-02-01,2,2005,4.31,38.22,51.99,1.85,1.39
2005-03-01,3,2005,1.34,41.39,51.44,1.82,1.3
2005-04-01,4,2005,0.97,48.87,51.48,1.51,1.04
2005-05-01,5,2005,0.4,58.84,51.49,0.19,1.08
2005-06-01,6,2005,0.16,66.15,51.45,-0.27,1.07
2005-07-01,7,2005,1.53,72.65,51.72,-1.9,0.99
2005-08-01,8,2005,3.15,67.49,51.81,-1.37,1.17
2005-09-01,9,2005,1.61,65.13,52.11,-1.16,1.04
2005-10-01,10,2005,1.46,54.24,52.32,-0.17,0.99
2005-11-01,11,2005,0.07,45.5,52.73,-0.7,0.53
2005-12-01,12,2005,0.11,38.68,52.96,-1.41,-0.02
2006-01-01,1,2006,0.31,37.83,52.91,-2.7,-0.87
2006-02-01,2,2006,0.06,41.29,53.17,-2.84,-2.1
2006-03-01,3,2006,1.6,41.15,53.15,-1.19,-1.92
2006-04-01,4,2006,0.43,51.55,53.37,-0.73,-2.07
2006-05-01,5,2006,0.19,61.14,53.57,-0.16,-2.11
2006-06-01,6,2006,0.83,69.53,53.85,-0.36,-1.94
2006-07-01,7,2006,4.49,71.29,53.73,0.94,-1.1
2006-08-01,8,2006,5.54,66.5,53.65,2.06,-0.5
2006-09-01,9,2006,2.11,59.24,53.16,1.88,-0.37
2006-10-01,10,2006,2.32,52,52.98,1.5,-0.16
2006-11-01,11,2006,0.12,45.97,53.01,0.1,-0.14
2006-12-01,12,2006,0.64,35.02,52.71,-0.42,0
2007-01-01,1,2007,1.68,32.21,52.24,-0.76,0.34
2007-02-01,2,2007,1.15,38.31,51.99,-0.29,0.57
2007-03-01,3,2007,1.12,45.48,52.35,-0.01,0.45
2007-04-01,4,2007,0.65,49.96,52.22,-0.17,0.49
2007-05-01,5,2007,0.96,57.87,51.95,0.2,0.64
2007-06-01,6,2007,0.36,67.95,51.82,0.19,0.56
2007-07-01,7,2007,3.57,71.25,51.81,0.54,0.37
2007-08-01,8,2007,3.51,69.95,52.1,0.34,-0.11
2007-09-01,9,2007,1.76,64.18,52.51,0.33,-0.2
2007-10-01,10,2007,0.3,54.81,52.75,-0.52,-0.79
2007-11-01,11,2007,0.42,48.44,52.95,-1.16,-0.7
2007-12-01,12,2007,4.26,34.1,52.88,0.48,0.28
2008-01-01,1,2008,2.85,33.04,52.94,1.26,0.55
2008-02-01,2,2008,1.58,38.24,52.94,1.52,0.62
2008-03-01,3,2008,0.07,43.52,52.78,0.25,0.38
2008-04-01,4,2008,0.11,49.22,52.71,-1,0.26
2008-05-01,5,2008,1.17,55.43,52.51,-0.96,0.3
2008-06-01,6,2008,0.25,68.32,52.54,-0.27,0.28
2008-07-01,7,2008,4.63,69.11,52.36,1.26,0.53
2008-08-01,8,2008,3.2,68.78,52.27,0.69,0.48
2008-09-01,9,2008,1.95,62.3,52.11,0.81,0.52
2008-10-01,10,2008,1.15,54.13,52.05,-0.12,0.76
2008-11-01,11,2008,0.92,45.48,51.81,-0.18,0.88
2008-12-01,12,2008,2.65,37.24,52.07,0.37,0.47
2009-01-01,1,2009,0.59,38.85,52.55,0.11,-0.1
2009-02-01,2,2009,1.02,40.13,52.71,0.06,-0.22
2009-03-01,3,2009,0.45,44.9,52.82,-1.12,-0.12
2009-04-01,4,2009,0.39,48.23,52.74,-0.91,-0.05
2009-05-01,5,2009,1.17,60.8,53.19,-0.33,-0.05
2009-06-01,6,2009,1.08,63.67,52.8,0.78,0.14
2009-07-01,7,2009,2.05,72.22,53.06,0.13,-0.48
2009-08-01,8,2009,2.22,69.73,53.14,-0.99,-0.79
2009-09-01,9,2009,2.28,62.01,53.12,-0.99,-0.7
2009-10-01,10,2009,0.53,51.16,52.87,-0.83,-0.93
2009-11-01,11,2009,0.36,45.59,52.88,-0.68,-1.1
2009-12-01,12,2009,1.76,32.44,52.48,-0.67,-1.35
2010-01-01,1,2010,4.97,34.56,52.12,1.14,-0.09
2010-02-01,2,2010,1.48,35.34,51.72,1.39,0.03
2010-03-01,3,2010,1.57,40.35,51.34,1.51,0.28
2010-04-01,4,2010,0.64,48.62,51.37,0.27,0.34
2010-05-01,5,2010,0.27,55.16,50.9,0.03,0.14
2010-06-01,6,2010,0.36,67.67,51.24,-0.58,-0.02
2010-07-01,7,2010,4.65,70.48,51.09,0.79,0.57
2010-08-01,8,2010,3.04,68.74,51.01,0.68,0.78
2010-09-01,9,2010,1.6,65.58,51.31,0.56,0.63
2010-10-01,10,2010,0.84,54.89,51.62,-0.57,0.73
2010-11-01,11,2010,0.28,41.09,51.24,-0.99,0.72
2010-12-01,12,2010,1.86,41.26,51.98,-0.47,0.72
2011-01-01,1,2011,0.15,34.21,51.95,-0.85,-0.5
2011-02-01,2,2011,0.98,34.24,51.86,-0.54,-0.59
2011-03-01,3,2011,0.23,46.6,52.38,-1.73,-0.91
2011-04-01,4,2011,0.23,51.93,52.65,-1.3,-1.01
2011-05-01,5,2011,0.25,54.99,52.64,-1.83,-1
2011-06-01,6,2011,0.05,68.17,52.68,-1.85,-1.11
2011-07-01,7,2011,3.24,71.49,52.77,-0.47,-1.56
2011-08-01,8,2011,3.66,71.52,53,0.05,-1.46
2011-09-01,9,2011,2.08,64.48,52.91,0.4,-1.32
2011-10-01,10,2011,1.31,54.42,52.87,0.25,-1.25
2011-11-01,11,2011,1.35,42.06,52.95,0.19,-0.92
2011-12-01,12,2011,3.14,32.48,52.22,0.8,-0.53
2012-01-01,1,2012,0.49,38.86,52.6,0.43,-0.43
2012-02-01,2,2012,0.5,38.02,52.92,0.01,-0.52
2012-03-01,3,2012,0.72,43.54,52.67,-1.4,-0.37
2012-04-01,4,2012,0.36,52.93,52.75,-1.16,-0.34
2012-05-01,5,2012,0.15,60.25,53.19,-1.09,-0.35
2012-06-01,6,2012,0.06,70.71,53.4,-1.75,-0.36
2012-07-01,7,2012,3.28,70.23,53.29,-0.51,-0.36
2012-08-01,8,2012,2.75,70.36,53.2,-0.49,-0.64
2012-09-01,9,2012,1.44,63.77,53.14,-0.43,-0.82
2012-10-01,10,2012,0.16,56.06,53.27,-1.26,-1.22
2012-11-01,11,2012,0.71,46.74,53.66,-1.3,-1.43
2012-12-01,12,2012,1.81,36.28,53.98,-0.65,-1.83
2013-01-01,1,2013,1.72,31.03,53.33,0.14,-1.4
2013-02-01,2,2013,0.79,34.36,53.02,0.09,-1.22
2013-03-01,3,2013,1.1,45.9,53.22,-0.17,-1.07
2013-04-01,4,2013,0.5,50.48,53.01,-0.51,-1.02
2013-05-01,5,2013,0.15,58.19,52.84,-0.56,-1
2013-06-01,6,2013,0.07,71.02,52.87,-1.44,-1.02
2013-07-01,7,2013,5.23,69.79,52.83,0.9,-0.53
2013-08-01,8,2013,3.69,68.19,52.65,1.17,-0.32
2013-09-01,9,2013,3.74,62.8,52.57,2.1,0.26
2013-10-01,10,2013,0.25,51.28,52.17,0.54,0.29
2013-11-01,11,2013,2.16,43.32,51.89,0.82,0.66
2013-12-01,12,2013,0.75,35.71,51.84,-0.37,0.38
2014-01-01,1,2014,0,39.71,52.56,-0.49,-0.05
2014-02-01,2,2014,0.19,42.77,53.26,-2.12,-0.19
2014-03-01,3,2014,1.25,45.12,53.2,-1.65,-0.14
2014-04-01,4,2014,0.34,49.97,53.15,-0.98,-0.18
2014-05-01,5,2014,0.1,56.57,53.02,-0.61,-0.18
2014-06-01,6,2014,0.05,69.48,52.89,-1.95,-0.2
2014-07-01,7,2014,3.38,70.95,52.99,-0.47,-0.67
2014-08-01,8,2014,4.04,66.42,52.84,0.35,-0.62
2014-09-01,9,2014,3.69,64.79,53.01,1.43,-0.64
2014-10-01,10,2014,1.22,56.01,53.4,1.09,-0.4
2014-11-01,11,2014,0.53,44.01,53.46,0.52,-0.87
2014-12-01,12,2014,1.41,38.07,53.66,-0.37,-0.66
2015-01-01,1,2015,2.4,37.44,53.47,0.18,-0.01
2015-02-01,2,2015,0.54,44.06,53.57,0.1,0.08
2015-03-01,3,2015,1.16,46.97,53.73,0.07,0.06
2015-04-01,4,2015,0.53,49.75,53.71,-0.63,0.1
2015-05-01,5,2015,1.05,54.13,53.51,0.21,0.31
2015-06-01,6,2015,1.46,69.09,53.48,1.08,0.62
2015-07-01,7,2015,4.09,68.6,53.28,1.58,0.79
2015-08-01,8,2015,2.94,70.5,53.62,0.91,0.58
2015-09-01,9,2015,2.16,65.1,53.64,0.51,0.21
2015-10-01,10,2015,2.29,55.7,53.62,0.41,0.49
2015-11-01,11,2015,1.71,42.4,53.48,0.82,0.79
2015-12-01,12,2015,1.37,35.1,53.24,0.63,0.75
2016-01-01,1,2016,1.56,34.59,53,0.3,0.54
2016-02-01,2,2016,0.52,42.39,52.86,-0.3,0.51
2016-03-01,3,2016,0.05,47.2,52.88,-1.07,0.25
2016-04-01,4,2016,0.77,49.13,52.83,-1.4,0.31
2016-05-01,5,2016,0.75,55.2,52.92,-0.73,0.24
2016-06-01,6,2016,0.67,70.1,53,0.4,0.07
2016-07-01,7,2016,2.28,72.26,53.31,-0.34,-0.37
2016-08-01,8,2016,3.86,66.5,52.97,-0.03,-0.16
2016-09-01,9,2016,2.54,63.04,52.8,0.25,-0.06
2016-10-01,10,2016,0.5,58.15,53,0.18,-0.57
2016-11-01,11,2016,1.95,45.2,53.24,0.31,-0.5
2016-12-01,12,2016,2.84,38.81,53.55,0.6,-0.09
2017-01-01,1,2017,3.4,35.51,53.62,1.45,0.37
2017-02-01,2,2017,1.71,42.32,53.62,1.31,0.62
2017-03-01,3,2017,0.64,48.95,53.76,0.75,0.72
2017-04-01,4,2017,0.3,51.44,53.96,-0.34,0.62
2017-05-01,5,2017,0.3,56.84,54.09,-1.08,0.52
2017-06-01,6,2017,0.74,70.44,54.12,-0.49,0.54
2017-07-01,7,2017,3.8,70.92,54.01,0.51,0.88
2017-08-01,8,2017,2.49,68.13,54.14,0.1,0.62
2017-09-01,9,2017,1.03,63.72,54.2,-0.52,0.27
2017-10-01,10,2017,0.18,57.35,54.13,-1.72,0.19
2017-11-01,11,2017,0.02,51.8,54.68,-2.37,-0.32
2017-12-01,12,2017,0.18,40.59,54.83,-3.16,-1.07
2018-01-01,1,2018,0.54,40.01,55.21,-2.27,-1.96
2018-02-01,2,2018,1.7,41.02,55.1,-0.87,-1.85
2018-03-01,3,2018,0.6,44.31,54.71,-0.6,-1.78
2018-04-01,4,2018,0.03,54.67,54.98,-0.55,-1.84
2018-05-01,5,2018,0.1,60.92,55.32,-1.79,-1.88
2018-06-01,6,2018,0.76,71.05,55.37,-1.13,-1.92
2018-07-01,7,2018,3.63,71.56,55.43,0.26,-2.04
2018-08-01,8,2018,3.08,69.64,55.55,0.35,-1.96
2018-09-01,9,2018,1.76,65.63,55.71,0.13,-1.72
2018-10-01,10,2018,2.99,51.79,55.25,0.61,-0.92
2018-11-01,11,2018,0.19,41.89,54.42,0.29,-0.87
2018-12-01,12,2018,1.05,36.52,54.08,0.16,-0.59
2019-01-01,1,2019,1.42,35.6,53.72,-0.63,-0.35
2019-02-01,2,2019,2.92,34.71,53.19,0.5,-0.02
2019-03-01,3,2019,1.69,44.43,53.2,0.86,0.23
2019-04-01,4,2019,0.44,50.95,52.89,0.9,0.32
2019-05-01,5,2019,0.91,52.41,52.18,0.41,0.49
2019-06-01,6,2019,0.2,66.12,51.77,-0.24,0.38
2019-07-01,7,2019,1.78,71.91,51.8,-1.05,-0.04
2019-08-01,8,2019,2.07,71.48,51.95,-2.01,-0.31
2019-09-01,9,2019,2.6,64.64,51.87,-1.06,-0.09
2019-10-01,10,2019,0.29,52.5,51.93,-0.88,-0.87
2019-11-01,11,2019,4.18,44.86,52.18,1.18,0.24
2019-12-01,12,2019,2.08,36.09,52.14,1.06,0.49
2020-01-01,1,2020,0.72,37.07,52.26,1.1,0.31
2020-02-01,2,2020,1.91,38.31,52.56,0.25,0.06
2020-03-01,3,2020,2.25,43.9,52.52,0.41,0.19
2020-04-01,4,2020,0.27,51.13,52.53,0.63,0.15
2020-05-01,5,2020,0.13,62.07,53.34,0.15,-0.02
2020-06-01,6,2020,0.32,68.58,53.54,-1.44,0
2020-07-01,7,2020,2.17,72.51,53.59,-1.31,0.09
2020-08-01,8,2020,1.11,73.81,53.79,-2.42,-0.15
2020-09-01,9,2020,0.56,64.9,53.81,-3.06,-0.69
2020-10-01,10,2020,0.5,58.08,54.27,-3.09,-0.68
2020-11-01,11,2020,0.67,47.44,54.49,-1.81,-1.79
2020-12-01,12,2020,0.55,35.75,54.46,-1.34,-2.28
2021-01-01,1,2021,1.3,36.2,54.39,-0.71,-2.03
2021-02-01,2,2021,0.7,39.26,54.47,-0.79,-2.32
2021-03-01,3,2021,0.79,41.65,54.28,-0.63,-2.74
2021-04-01,4,2021,0.32,52.14,54.37,-0.96,-2.69
2021-05-01,5,2021,0.12,59.57,54.16,-1.09,-2.65
2021-06-01,6,2021,0.58,70.82,54.34,-0.93,-2.62
2021-07-01,7,2021,5.06,69.95,54.13,1.09,-1.71
2021-08-01,8,2021,3.22,68.3,53.67,1.1,-1.16
2021-09-01,9,2021,2.49,64.98,53.68,1.28,-0.61
2021-10-01,10,2021,0.93,52.39,53.21,0.05,-0.53
2021-11-01,11,2021,0.09,48.77,53.32,-0.47,-0.69
2021-12-01,12,2021,1.81,40.63,53.72,-0.56,-0.32
2022-01-01,1,2022,0.97,37.21,53.81,-0.51,-0.41
2022-02-01,2,2022,0.52,36.45,53.57,-0.38,-0.42
2022-03-01,3,2022,0.72,43.45,53.72,-1.01,-0.42
2022-04-01,4,2022,0.01,52.7,53.77,-1.5,-0.49
2022-05-01,5,2022,0,61,53.89,-1.79,-0.51
2022-06-01,6,2022,3.19,68.67,53.71,1.19,0.09
2022-07-01,7,2022,3.77,71.59,53.85,1.77,-0.21
2022-08-01,8,2022,5.29,67.97,53.82,2.66,0.29
2022-09-01,9,2022,1.89,65.19,53.84,1.36,0.14
2022-10-01,10,2022,3.31,51.7,53.78,1.69,0.74
2022-11-01,11,2022,0.48,39.32,52.99,0.62,0.84
2022-12-01,12,2022,2.25,37.34,52.72,0.88,0.91
2023-01-01,1,2023,2.95,33.26,52.39,0.68,1.33
2023-02-01,2,2023,1.58,34.3,52.21,0.97,1.47
2023-03-01,3,2023,2.1,40.29,51.94,1.07,1.66
2023-04-01,4,2023,0,49.68,51.69,0.26,1.65
2023-05-01,5,2023,0.92,57.98,51.44,0.39,1.78
2023-06-01,6,2023,0.08,64.45,51.09,-0.96,1.25
2023-07-01,7,2023,0.9,75.9,51.45,-2.14,0.71
2023-08-01,8,2023,2.59,70.68,51.67,-2.45,0.11
2023-09-01,9,2023,1.52,65.56,51.71,-2.07,0.01
2023-10-01,10,2023,0.38,56.7,52.12,-1.17,-0.81
2023-11-01,11,2023,0.76,45.05,52.6,-1.03,-0.73
2023-12-01,12,2023,1.41,38.02,52.66,-0.73,-0.95
